1,1,create,を創り出す；を引き起こす
2,1,increase,増加する（⇔ decrease ⇒ 223）；を増やす
3,1,improve,を向上させる；よくなる
4,1,mean,を意味する；（...する）つもりである（to do）
5,1,own,を所有している；（事実・罪など）を認める
6,1,include,を含む（⇔ exclude ⇒ 1009）
7,1,consider,を見なす；について考える
8,1,allow,を許す；を与える；（〜を）考慮に入れる（for）
9,1,suggest,を提案する；を暗示する
10,1,produce,を生産する；を取り出す
11,1,decide,を決める；に決着をつける
12,1,offer,を提供する，申し出る
13,1,require,を要求する；を必要とする
14,1,share,を共有する；を分担する
15,1,store,を保存する；を蓄える
16,1,tend,傾向がある；を世話する
17,1,concern,〔受身形で〕心配している；〔受身形で〕（〜に）関係する（with）；に関連する
18,1,describe,について述べる，を説明する
19,1,involve,を関与させる；を伴う
20,1,reduce,を減らす；を（〜に）変える（to）
21,1,design,を設計する；を計画する
22,1,force,に強いる；を強要する
23,1,limit,を制限［規制］する
24,1,bear,に耐える（≒ endure ⇒ 824）；を負う；を産む；を（心に）抱く
25,1,affect,に影響を及ぼす（≒ influence ⇒ 49）；を感動させる
26,1,deal,〔deal withで〕を処理する；〔deal inで〕を商う；を分配する
27,1,avoid,を避ける
28,1,relate,を関連づける；（〜に）関連する（to）
29,1,realize,に気づく；を実現する
30,1,encourage,を奨励する；を励ます（⇔ discourage ⇒ 706）
31,1,compare,を比較する；を（〜に）たとえる（to）
32,1,measure,を測る；を（比較して）評価する
33,1,exist,存在する；生存する
34,1,mark,に印をつける；を（記号で）示す；に汚れをつける
35,1,challenge,に異議を唱える；（人）に挑む
36,1,depend,頼る；〜次第である
37,1,object,反対する；（...）と言って反対する（that節）
38,1,demand,を要求する
39,1,found,を設立する；（理論など）を（〜に基づいて）築く（on）
40,1,complete,を完成させる，仕上げる
41,1,idea,考え，思いつき；理解；見解；概念
42,1,accord,一致；合意，協定
43,1,company,会社；〔集合的に〕仲間；（仲間と）一緒にいること；一座
44,1,interest,興味；利子；利害
45,1,research,（〜についての）研究，調査（into / on / in）
46,1,cause,原因（⇔ effect ⇒ 48）；理由；大義
47,1,reason,理由；（...する）根拠（to do）；理性；分別
48,1,effect,影響，効果；結果
49,1,influence,影響（力）
50,1,situation,状況；（人の置かれた）立場
51,1,environment,環境（≒ surroundings）
52,1,skill,技能；熟練
53,1,matter,事柄；問題；〔〜s〕事態；〔the 〜〕困難；物質
54,1,view,（〜についての）見解（on / about）；（〜に対する）（特定の）見方（of）；眺め
55,1,value,価値；価格；評価；〔〜s〕価値観
56,1,species,（生物の）種；種類
57,1,thought,考え；思考
58,1,knowledge,知識；知っていること；認識
59,1,memory,記憶（力）；（〜の）思い出（of）
60,1,practice,実践，実行；（社会の）慣習；練習
61,1,benefit,利益，恩恵；給付金
62,1,theory,学説；理論；原理；推測
63,1,issue,問題（点）；発行（物）；発表
64,1,experiment,（〜を対象とする）実験（on）
65,1,article,記事；条項；品物
66,1,focus,焦点；関心の的
67,1,subject,話題；科目；主題；被験者
68,1,project,計画；事業；研究計画
69,1,quality,質（⇔ quantity ⇒ 471）；特質
70,1,role,役割；（俳優などの）役
71,1,term,（専門）用語；〔〜s〕条件；〔〜s〕間柄；学期
72,1,statement,声明；主張；明細書
73,1,material,材料，素材；資料；生地
74,1,evidence,証拠
75,1,source,（〜の）源，根源（of）；出所，情報源
76,1,community,（共同）社会，〜界；地域社会；地域住民
77,1,technology,科学技術；応用技術
78,1,culture,文化；教養；耕作；養殖；培養
79,1,appropriate,（〜に）適切な（for / to）
80,1,likely,ありそうな（⇔ unlikely ありそうもない）
81,1,possible,可能な；可能性のある
82,1,individual,個々の；個人の
83,1,public,公の（⇔ private 私的な）；公衆の；公開の
84,1,common,共通の；普通の；一般の
85,1,certain,確信して；確かな；ある；一定の
86,1,similar,似ている，類似した；同様の
87,1,recent,最近の
88,1,major,主要な；大きい（ほうの）；長調の
89,1,patient,忍耐強い；勤勉な
90,1,particular,特定の；特別の；（〜について）やかましい（about）
91,1,physical,身体の（⇔ mental ⇒ 183）；物質的な；物理学の
92,1,various,さまざまな；いくつかの
93,1,available,手に入る；利用できる；手が空いている
94,1,native,出生地の；原産の；生得の
95,1,political,政治（上）の
96,1,due,予定された；（支払）期日で；しかるべき
97,1,blank,空白の；無表情な；がらんとした
98,1,ancient,古代の；昔からの
99,1,correct,正しい；適切な
100,1,despite,〜にもかかわらず（≒ in spite of）
101,2,notice,に気づく
102,2,refer,言及する，関連する；参照する
103,2,approach,に近づく；に取り組む
104,2,wonder,かなと思う；（に）驚く（at）
105,2,imagine,（を）想像する；（を）推測する
106,2,recognize,を識別できる；を認める
107,2,solve,を解く，解明する；（困難など）を解決する
108,2,occur,起こる；心に浮かぶ；現れる
109,2,argue,"と主張する（≒ claim ⇒ 110, maintain ⇒ 206）；議論する"
110,2,claim,と主張する；を（自分のものとして）要求する
111,2,express,を表す，述べる
112,2,draw,を引き出す；を引く；を描く；近づく
113,2,waste,を浪費する，無駄にする
114,2,advance,を進歩させる；を進める；進歩する；進む
115,2,spread,を広める；広がる
116,2,prepare,を準備する；を調理する；（〜のために）準備をする（for）
117,2,gain,を獲得する；（を）増す
118,2,achieve,を達成する；を成し遂げる
119,2,establish,を確立する；を設立する
120,2,supply,を供給する
121,2,suppose,と思う；と仮定する
122,2,perform,（を）行う；（を）演じる，（を）演奏する
123,2,prefer,のほうを好む
124,2,determine,を決定する；を正確に知る
125,2,treat,を扱う；を治療する
126,2,prove,を証明する；判明する，わかる
127,2,apply,を適用［応用］する；申し込む；（〜に）適用される（to / in）
128,2,mention,に言及する；と言う
129,2,communicate,（〜と）情報交換をする（with）；を伝達する
130,2,contain,を含む；を収容する；（感情など）を抑える
131,2,contact,と連絡を取る；接触する
132,2,regard,を見なす；を見る；を評価する
133,2,respect,を尊敬する；を尊重する
134,2,search,捜す；を捜索する；を詳しく調べる
135,2,connect,をつなぐ；を関連づける
136,2,decline,減少する；衰退する；を断る
137,2,prevent,を妨げる；を防ぐ
138,2,suffer,苦しむ；患う；（苦痛など）を経験する
139,2,survive,を切り抜けて生き残る；より長生きする；生き延びる
140,2,publish,を出版する；を公表する
141,2,opportunity,機会（≒ chance）
142,2,task,（課せられた）仕事，作業；課題；タスク
143,2,industry,産業；勤勉（≒ diligence）
144,2,medium,（情報伝達の）媒体；手段
145,2,economy,経済（状態）；経済圏；節約
146,2,policy,政策，方針；（個人の）主義
147,2,account,説明；勘定；口座
148,2,trade,貿易；商売，取引
149,2,model,模範；モデル；模型；型
150,2,figure,数字；姿；人物；図表
151,2,cell,細胞；独房；電池
152,2,image,印象，イメージ；画像；像
153,2,emotion,感情，情動；感動
154,2,stress,ストレス；圧力；強調
155,2,decade,10年間
156,2,range,範囲；射程距離；（同類の）組
157,2,character,性格，個性；特徴；登場人物；文字
158,2,advantage,利点；優勢；有利
159,2,phrase,句；成句；言葉遣い
160,2,damage,損害，損傷；〔〜s〕損害賠償金
161,2,impact,影響；（激しい）衝突；衝撃（力）
162,2,method,方法；体系；秩序
163,2,resource,〔通例〜s〕資源；〔通例〜s〕資金；才覚
164,2,region,地域；領域；部位
165,2,medicine,薬；医学
166,2,detail,〔〜s〕詳細（な情報），細部
167,2,feature,特徴；〔通例〜s〕顔つき；特集記事［番組］
168,2,function,機能；関数
169,2,access,利用，入手；接近（の機会・方法・権利）
170,2,item,品目，項目；（同種の中の）〜個；（短い）記事
171,2,income,収入；所得
172,2,attitude,態度；考え方，心構え
173,2,site,用地，場所；跡地；（ウェブ）サイト
174,2,aspect,（物事の）側面；観点；様相
175,2,structure,構造；体系；構造物
176,2,habit,習慣，癖
177,2,link,関連，つながり；（2地点を結ぶ）交通手段；リンク
178,2,instance,（具体的な）例，実例；（特定の）場合
179,2,positive,肯定的な；積極的な；確信して；（検査結果が）陽性の
180,2,negative,否定的な；消極的な；（検査結果が）陰性の
181,2,complex,複雑な；複合（体）の
182,2,current,現在の；現代の；通用している
183,2,mental,精神の；知能の；頭の中で行う
184,2,specific,特定の；明確な，具体的な；（〜に）特有の（to）
185,2,significant,重要な，重大な；意義深い
186,2,essential,（〜に）必要不可欠な（to / for）；本質的な
187,2,official,公用の；公式の；役所の
188,2,financial,財政（上）の；財界の
189,2,academic,学問の；大学の
190,2,aware,気づいて，知って
191,2,worth,（...する）に値する（doing）；の価値がある
192,2,potential,潜在的な；可能性を秘めた
193,2,active,積極的な；活動的な；効力のある
194,2,digital,デジタル方式の；デジタル［数字］表示の
195,2,mobile,可動［移動］式の；流動性のある
196,2,novel,斬新な，目新しい
197,2,plastic,柔軟な；プラスチックの，ビニールの
198,2,chemical,化学の，化学的な
199,2,necessary,必要な（≒ essential ⇒ 186）
200,2,eventually,結局（は）
201,3,identify,を特定する；を（〜と）同一視する（with）
202,3,represent,を表す；を代表する；に相当する
203,3,indicate,を指し示す；を述べる
204,3,manage,をなんとか成し遂げる；を管理する
205,3,attend,に出席する；（を）世話する；（〜に）対処［対応］する（to）
206,3,maintain,を維持する；と主張する；を養う
207,3,survey,を調査する；をじろじろ見る；を概観する
208,3,replace,に取って代わる；を取り替える
209,3,sort,を（〜に）分類する（into）；を（〜から）えり分ける（from）
210,3,conduct,（調査・実験など）を実施する；を導く
211,3,associate,を結び付けて考える；（〜と）交際する（with）
212,3,attempt,を試みる，企てる
213,3,promote,を促進する；〔通例受身形で〕昇進する
214,3,earn,を稼ぐ；を得る；をもたらす
215,3,unite,を団結させる；（を）結合する；団結する
216,3,feed,に食べ物［乳］を与える；に（〜を）供給［補給］する（with）；餌を食べる
217,3,seek,を追い求める；（助けなど）を要請する
218,3,observe,に気づく；を観察する；を遵守する
219,3,reveal,を明らかにする；を見せる
220,3,estimate,と推定する；を見積もる；を評価する
221,3,reflect,を反映する；（を）反射する；（を）熟考する
222,3,attract,を引きつける
223,3,decrease,減少する（⇔ increase ⇒ 2）；を減らす
224,3,ignore,を無視する
225,3,match,（と）合う；に匹敵する；一致する
226,3,define,を定義する；を明確にする
227,3,adapt,適応する；を（〜に）適合させる（to）
228,3,contribute,貢献する，一因となる；（を）寄付する；（を）寄稿する
229,3,exchange,（を）交換する；両替する
230,3,display,を示す；を発揮する；を展示［陳列］する
231,3,respond,反応する；答える
232,3,hide,を隠す（≒ conceal ⇒ 1116）；隠れる
233,3,doubt,ではないと思う；を疑う
234,3,remove,を取り除く；を解雇する
235,3,wind,（ねじなど）を巻く；（道などが）曲がりくねる；巻きつく
236,3,assume,を当然のことと思う，と仮定する；（権力など）を手に入れる；（責任など）を引き受ける
237,3,relax,くつろぐ；緩む；をくつろがせる；を緩める
238,3,satisfy,を満足させる；（条件など）を満たす
239,3,desire,を強く望む
240,3,succeed,（〜に）成功する（in）；（〜を）継承する（to）
241,3,concept,概念；考え；（商品・販売の）コンセプト
242,3,fashion,流行，ファッション；方法，流儀
243,3,device,装置，機器；方策；デバイス
244,3,charge,料金；世話；管理；告発
245,3,contrast,（〜との）対照（with / to）
246,3,colleague,（職場の）同僚
247,3,pain,苦痛，痛み；苦悩；〔〜s〕骨折り
248,3,bill,請求書；【英】勘定書（≒ 【米】check）；法案
249,3,content,内容，中身；コンテンツ
250,3,section,部門；部分；地区；欄
251,3,audience,〔集合的に〕聴衆，観客；視聴者
252,3,surface,表面；〔the 〜〕外見
253,3,crop,〔しばしば〜s〕作物；収穫高
254,3,topic,話題，トピック；主題
255,3,technique,技術；技巧；手法
256,3,status,地位；状態
257,3,option,選択（の自由）；選択肢
258,3,reward,報酬；報い
259,3,race,人種；民族；競争
260,3,crime,罪，犯罪；違法行為
261,3,conflict,争い；論争；不一致
262,3,struggle,闘い；懸命の努力
263,3,context,状況，背景；文脈
264,3,debate,討論，論争；討論会
265,3,fuel,燃料；勢いを増加させるもの
266,3,pollution,汚染，公害
267,3,trend,（〜への）傾向（toward）；流行
268,3,balance,均衡，バランス；（体の）平衡；残高
269,3,traffic,交通；通行；交通［輸送］量；（不正）取引
270,3,strategy,戦略
271,3,basis,基礎；根拠；基準
272,3,consequence,〔通例〜s〕結果；重大性
273,3,aim,目的，目標；狙い
274,3,ancestor,祖先（⇔ descendant 子孫）；原型
275,3,gene,遺伝子
276,3,track,跡；軌道；【米】（鉄道の）番線；走路
277,3,revolution,革命；回転；（天体の）公転（⇔ rotation 自転）
278,3,progress,進歩；前進
279,3,cognitive,認知の
280,3,ideal,理想的な；観念的な
281,3,efficient,効率的な；有能な
282,3,universal,普遍的な；宇宙の；万能の
283,3,vast,莫大な；広大な
284,3,extra,追加の，余分の；別勘定の
285,3,entire,全体の，全部の（≒ whole）；完全な
286,3,familiar,精通している；よく知られている
287,3,obvious,明らかな（≒ clear）
288,3,moral,道徳（上）の，倫理的な；道徳的な
289,3,ordinary,一般の，普通の；並の
290,3,equal,（〜に）等しい（to）；匹敵する；平等な
291,3,previous,以前の，前の
292,3,FALSE,間違った；虚偽の；偽の
293,3,rare,まれな，珍しい；希少な
294,3,legal,法律の；合法の（⇔ illegal 違法の）
295,3,independent,（〜から）独立した（of / from）
296,3,extreme,極端な；極度の，過激な
297,3,actual,実際の，現実の
298,3,willing,いとわない，かまわないと思う
299,3,urban,都市の；都会的な（⇔ rural ⇒ 387）
300,3,whereas,〜するのに（対し），〜する一方
301,4,predict,を予言［予測］する
302,4,examine,を調べる；を診察する；を尋問する
303,4,trust,を信頼する；を（信頼して）託す
304,4,stick,を動けなくする；を突き刺す；（〜に）くっつく（to / on）
305,4,emerge,現れる；明らかになる；台頭する
306,4,vary,さまざまである；変わる；を変える
307,4,release,を放出する；を解放する；を発表する
308,4,divide,を分ける；分かれる
309,4,enable,（人）が...できるようにする；を可能にする
310,4,judge,（を）判断する；に判決を下す
311,4,rely,頼る（≒ depend ⇒ 36）
312,4,engage,を従事させる；を（〜として）雇う（as）；（〜に）従事する（in / with）
313,4,shift,を変える，移す；変わる；移動する
314,4,adopt,を採用する；（態度など）をとる；を養子にする
315,4,acquire,を得る；を習得する
316,4,expand,（を）拡大する；（を）詳説する
317,4,refuse,を拒む；を断る；拒絶する
318,4,strike,の心を打つ；を襲う；を打つ；（に）ぶつかる
319,4,repeat,（を）繰り返す；を復唱する
320,4,consume,を消費する；を食べる，飲む
321,4,confuse,を混同する；を当惑させる
322,4,select,を選ぶ，えり抜く
323,4,evolve,（徐々に）発展する；進化する
324,4,convince,を納得［確信］させる
325,4,recall,を思い出す；を呼び戻す
326,4,destroy,を破壊する；（人）を破滅させる
327,4,preserve,を保存する；を保持する；を保護する
328,4,organize,を準備する；を組織する
329,4,warn,（人）に（〜を）警告［注意］する（of / against）
330,4,address,（問題など）に対処する；に演説する；（手紙など）を（〜宛てに）出す（to）
331,4,operate,を操作する；機能する；手術する
332,4,participate,参加する
333,4,surround,を取り巻く；にまつわる
334,4,flow,流れる；（〜から）生じる（from）
335,4,bore,（人）を退屈させる，うんざりさせる
336,4,complain,（と）不平［苦情］を言う；訴える
337,4,host,を主催する；のホスト役を務める
338,4,combine,を（〜と）結び付ける（with）；（〜と）結び付く（with）
339,4,extend,を伸［延］ばす；伸びる；及ぶ
340,4,appreciate,を正当に評価する；を鑑賞する；を感謝する
341,4,target,（到達・攻撃）目標；的
342,4,element,要素，成分；元素；〔an / ofで〕少しの
343,4,principle,原則，原理；主義，信条
344,4,phenomenon,現象
345,4,atmosphere,〔the 〜〕大気；雰囲気
346,4,origin,起源；源
347,4,personality,個性，性格
348,4,capacity,（最大）容量，収容能力；（潜在）能力
349,4,profit,利益；収益（率）；得
350,4,circumstance,〔通例〜s〕状況，事情；境遇
351,4,manner,〔〜s〕作法；方法；物腰
352,4,threat,脅威；（悪い）兆し；脅迫
353,4,resident,居住者；滞在者
354,4,wealth,富；資源；富裕
355,4,institution,機関；協会；施設；制度
356,4,authority,〔通例 the 〜ties〕（関係）当局；権威；権限
357,4,vote,投票；投票結果；〔the 〜〕選挙権
358,4,sight,光景；〔the 〜s〕名所；見（え）ること；視野；視力
359,4,campaign,運動；軍事行動
360,4,fund,〔しばしば〜s〕基金，資金
361,4,web,〔the W-〕ウェブ；（クモの）巣
362,4,symbol,象徴，シンボル；記号；標章
363,4,analysis,分析（結果）（⇔ synthesis ⇒ 1868）
364,4,version,（本・製品などの）版；解釈
365,4,perspective,観点，見方；大局観；遠近法
366,4,crisis,危機
367,4,disaster,災害；惨事
368,4,lecture,講義，講演；説教
369,4,psychology,心理学；心理（状態）
370,4,gender,（社会的・文化的）性，性別
371,4,custom,（社会的な）慣習；〔〜s〕税関；〔〜s〕関税
372,4,court,裁判所，法廷；裁判；宮廷；中庭
373,4,desert,砂漠；不毛の地
374,4,soil,土地，土壌；（悪事などの）温床
375,4,agriculture,農業；農学，畜産
376,4,fossil,化石；時代遅れの人［物］
377,4,document,（公）文書，書類；記録，資料
378,4,vocabulary,語彙
379,4,intelligent,聡明な；知能を有する
380,4,conscious,意識して，気づいて（≒ aware）
381,4,capable,能力がある；有能な
382,4,accurate,正確な；精密な
383,4,fundamental,基本的な；必須の
384,4,artificial,人工の（⇔ natural 自然の）；不自然な
385,4,firm,確固たる；堅固な；安定した
386,4,overall,総合的な；全体的な
387,4,rural,田舎の（⇔ urban ⇒ 299），田園の
388,4,military,軍の，軍事（用）の
389,4,nuclear,核の，原子力の
390,4,biological,生物学（上）の
391,4,constant,絶え間ない；一定の
392,4,severe,（人・規律・事態・天気などが）厳しい；猛烈な
393,4,visual,視覚の；目に見える
394,4,enormous,莫大な，巨大な
395,4,convenient,便利な，都合のいい
396,4,domestic,家庭の；国内の；（動物が）飼いならされた
397,4,mass,大規模な，大量の；大衆（向け）の
398,4,typical,典型的な；（〜に）特有の（of）
399,4,overseas,海外へ［に，で］（≒ abroad）
400,4,nevertheless,それにもかかわらず（≒ nonetheless ⇒ 1000）
401,5,demonstrate,を論証［証明］する；デモをする
402,5,behave,振る舞う；作動する
403,5,educate,を教育する；に教える；（能力など）を養う
404,5,purchase,を購入する
405,5,recommend,を勧める
406,5,admit,（を）（しぶしぶ）認める；に（〜への）入場［入学など］を認める（to / into）
407,5,generate,を生み出す；（電気など）を発生させる
408,5,explore,（を）調査［探究］する；（を）探検［探査］する
409,5,amaze,をびっくりさせる
410,5,tear,を引き裂く；裂ける
411,5,settle,を解決する；（に）移り住む；を落ち着かせる
412,5,afford,を持つ［する］余裕がある；を与える
413,5,conclude,と結論づける；を締めくくる；を締結する
414,5,advertise,を宣伝する；（〜を求める）広告を出す（for）
415,5,encounter,に遭遇する；に（思いがけず）出会う
416,5,remind,に思い出させる
417,5,locate,〔受身形で〕位置する；の位置を探し当てる
418,5,aid,を援助する，助ける（≒ help）
419,5,bite,（を）かむ，（に）かみつく；（を）刺す
420,5,deliver,を配達する；（演説・講義）をする；子を産む
421,5,perceive,に気づく；を知覚する；を理解する
422,5,distinguish,を区別する
423,5,imply,を暗に意味する；を必然的に伴う
424,5,handle,を処理する，扱う；を論じる；を商う
425,5,praise,を（〜のことで）賞賛する（for）；賛美する
426,5,appeal,訴える；抗議する；（上級審に）上訴する
427,5,insist,（を）強く主張する；要求する
428,5,compete,競う；〔通例否定文で〕（〜に）匹敵する（with）
429,5,rank,を位置づける，評価する；（ある地位に）位置する
430,5,deny,を否定する；を拒む
431,5,reject,を拒否する
432,5,intend,を意図する
433,5,expose,をさらす；を暴露する；を露出する
434,5,favor,に賛成する；を好む；をひいきする
435,5,inspire,（人）を奮起させる；を喚起する
436,5,propose,を提案する；をもくろむ；結婚を申し込む
437,5,spell,（語）をつづる；という語になる
438,5,breathe,呼吸する；を吸う
439,5,repair,を修理する（≒ fix）；を修復する
440,5,consist,（〜から）成る（of）；（〜に）ある（in）
441,5,comment,意見，コメント；批判
442,5,instruction,〔通例〜s〕指示；〔〜s〕（製品の）使用書
443,5,religion,宗教；信条；信仰（心）
444,5,neighborhood,地域；近所
445,5,laboratory,実験室，研究室
446,5,presence,存在；出席；面前
447,5,confidence,自信；信頼；秘密
448,5,harm,害，損害
449,5,instrument,器具；楽器（≒ musical instrument）
450,5,category,部類，区分；範疇
451,5,capital,資本；首都；大文字（≒ capital letter）
452,5,outcome,結果（≒ result）；成果
453,5,notion,概念，観念；見解；意向
454,5,review,（書物などの）論評；再調査；【米】復習
455,5,trait,特性（≒ feature）
456,5,diversity,多様性；相違点
457,5,victim,犠牲（者），被害者
458,5,occasion,場合，時；行事；機会
459,5,facility,施設，設備；機能；才能
460,5,stock,在庫品；蓄え；株
461,5,conference,会議；協議
462,5,humanity,人類；人間性；人情；〔（the） 〜ties〕人文科学
463,5,dialect,方言
464,5,proportion,割合；部分；釣り合い
465,5,tip,助言，秘訣；チップ；先端
466,5,lawyer,弁護士
467,5,stuff,（漠然と）物；素材；素質
468,5,comfort,快適さ；慰め
469,5,philosophy,哲学；原理；人生観
470,5,mammal,哺乳動物
471,5,quantity,量（⇔ quality ⇒ 69）；分量
472,5,landscape,風景；領域；状況
473,5,tribe,部族；仲間
474,5,organ,器官，臓器；組織；（パイプ）オルガン
475,5,trial,試み，（品質・性能などの）試験；裁判；試用期間
476,5,norm,規範；標準
477,5,code,規範；暗号；法典
478,5,substance,物質；実体；趣旨
479,5,multiple,多様な；種々雑多な
480,5,numerous,非常に数の多い
481,5,narrow,狭い；細い；限られた
482,5,widespread,広範囲にわたる；広く普及した
483,5,sufficient,（〜に；...するのに）十分な（for；to do）
484,5,proper,適切な；正式の；〔名詞の後ろで〕主要な；（〜に）固有の（to）
485,5,linguistic,言語の，言語学の
486,5,annual,年1回の，例年の；1年間の
487,5,contemporary,現代の；同時代の；同年輩の
488,5,contrary,（〜と）反対の（to）
489,5,strict,（規則などが）厳しい；厳格な
490,5,civil,市民の；民間の；民事の（⇔ criminal 刑事の）
491,5,odd,奇妙な（≒ strange）；奇数の
492,5,unknown,不明の；（〜に）知られていない（to），無名の
493,5,superior,よりすぐれた（⇔ inferior ⇒ 1092）
494,5,sensitive,敏感な；神経質な；微妙な
495,5,violent,（人・気質などが）激しい；暴力的な
496,5,virtual,仮想の；事実上の
497,5,regardless,（〜に）かまわない，無頓着な（of）
498,5,immediate,即座の；当面の；すぐそばの；直接の
499,5,crucial,重要な
500,5,somewhat,いくぶん，多少
501,6,interpret,を解釈する；（を）通訳する
502,6,translate,を翻訳する；を（〜に）変える（into）
503,6,concentrate,（を）集中する
504,6,request,に（...するように）頼む（to do）；を要請する
505,6,criticize,を批判する；を批評する
506,6,overcome,を克服する
507,6,obtain,を得る
508,6,inform,に知らせる；情報を提供する
509,6,ensure,を確実にする（≒ make sure）；を守る
510,6,announce,を発表［公表］する，知らせる；（物事が）を告げる
511,6,grant,（人）に（許可・権利など）を与える；を認める
512,6,freeze,凍る；を凍らせる；（計画・資金など）を凍結する
513,6,oppose,に反対する；を対抗［対比］させる
514,6,differ,異なる
515,6,hate,をひどく嫌う；を残念に思う
516,6,emphasize,を強調する；を重視する
517,6,employ,を雇う（≒ give 〜 a job）；を使う（≒ use）
518,6,credit,（功績など）を（〜に）帰する（to）；を信じる
519,6,transform,を変える；変わる
520,6,construct,を建設する（＝ build）；を構成する
521,6,arise,生じる
522,6,beat,を打ち負かす；（を）打つ，たたく
523,6,regret,を後悔する
524,6,alter,を変える；変わる（≒ change）
525,6,absorb,を吸収する；を併合する；を夢中にさせる
526,6,disappoint,を失望させる；（希望など）をくじく
527,6,cure,を治す；を取り除く；（病気が）治る
528,6,transport,を輸送する；を運ぶ
529,6,rush,急いで行く；性急に行動する；をせき立てる
530,6,hang,を掛ける；を絞首刑にする；垂れ（下が）る
531,6,blame,を責める；の責任を負わせる
532,6,ban,を（法的に）禁止する；を締め出す
533,6,fascinate,を魅了する
534,6,recover,回復する；を取り戻す
535,6,celebrate,を祝う；を挙行する
536,6,manufacture,を製造する；をでっち上げる
537,6,interact,影響し合う；相互に作用する
538,6,arrange,の段取りをつける；を手配する；を配置する
539,6,adjust,を調整する；を適合させる；順応する
540,6,confirm,を確認する；を裏づける
541,6,insight,見識，理解（力）；洞察力
542,6,innovation,革新；新機軸
543,6,budget,予算；経費
544,6,fee,料金；謝礼
545,6,expense,〔〜s〕経費；費用；犠牲
546,6,debt,借金，負債；恩義
547,6,loan,貸付金，融資；貸すこと
548,6,duty,義務；〔しばしば〜ties〕職務；関税
549,6,alarm,不安，恐れ；警報装置
550,6,emergency,緊急（事態）
551,6,democracy,民主主義，民主政治；民主国家
552,6,minister,大臣；（プロテスタント系の）聖職者
553,6,fellow,仲間，同僚；同級生；男
554,6,candidate,（〜の）候補（者）（for）；志願者
555,6,corporation,（大）企業；法人
556,6,stereotype,固定観念；決まり文句
557,6,route,道（筋）；路線，ルート；（〜の）手段（to）
558,6,disorder,障害，（心身の）不調；混乱
559,6,depression,憂うつ；うつ病；不況；低気圧
560,6,weapon,兵器，武器（≒ arms）
561,6,immigration,（他国からの）移民，移住；入国管理
562,6,barrier,（〜に対する）障壁（against / to）；防壁
563,6,disadvantage,不利（な点）；障害；（信用などの）損失
564,6,mood,気分；機嫌；雰囲気
565,6,motion,動き，動作；運動；動議
566,6,routine,決まり切った仕事；いつもの手順
567,6,discipline,規律，しつけ；訓練；懲戒；学問分野
568,6,myth,作り話；神話
569,6,hypothesis,仮説；憶測
570,6,physician,【主に米】 医師（≒ doctor）；内科医
571,6,client,顧客（≒ customer）；（弁護士などの）依頼人
572,6,colony,植民地；集団居住地；（動植物の）コロニー
573,6,statistics,統計；統計学
574,6,grain,穀物；粒；きめ
575,6,ingredient,材料，成分；（成功の）要因
576,6,treasure,宝物，財宝；財産
577,6,contract,契約（書）；協定
578,6,welfare,福祉，幸福
579,6,prime,主要な，最も重要な；最適な；極上の
580,6,curious,好奇心の強い；奇妙な
581,6,dramatic,劇的な；演劇の
582,6,distinct,明らかに異なる；明瞭な
583,6,anxious,心配して；切望して
584,6,vital,必要不可欠な；活気のある；生命にかかわる
585,6,conventional,従来の；月並みな
586,6,abstract,抽象的な（⇔ concrete ⇒ 783）
587,6,minor,重要でない；小さい（⇔ major ⇒ 88）
588,6,extraordinary,並はずれた；異常な，驚くべき
589,6,stable,安定した（⇔ unstable 不安定な）；動じない
590,6,flexible,融通の利く，柔軟な
591,6,brief,簡潔な；短い
592,6,aggressive,攻撃的な；意欲的な
593,6,visible,（目に）見える（⇔ invisible 見えない）；明白な
594,6,unexpected,思いがけない，不意の
595,6,ethnic,民族の，人種の；民族特有の
596,6,alien,（〜にとって）異質の（to）；外国の；宇宙人の
597,6,initial,初めの
598,6,exact,正確な；まさにその
599,6,precise,正確な（≒ exact）；精密な；まさにその
600,6,latter,後者の（⇔ former 前者の），後半の
601,7,commit,〔commit oneselfまたは受身形で〕献身する；（罪など）を犯す；を投入する
602,7,stimulate,を刺激する
603,7,enhance,（価値など）を高める，増す
604,7,pursue,を追求する；に従事する
605,7,react,反応する；化学反応を起こす
606,7,disagree,不賛成である；意見が食い違う
607,7,stare,じっと見る；を見つめる
608,7,abandon,を捨てる；を放棄する，断念する
609,7,quit,をやめる；（場所）を去る
610,7,capture,をとらえる；をとりこにする
611,7,transfer,を移す；を伝える；移る；乗り換える
612,7,bother,を悩ます；（〜を）気にかける（about / with）
613,7,persuade,を説得する；に確信させる
614,7,rent,を賃借りする；を賃貸しする
615,7,breed,を繁殖させる，育てる；繁殖する
616,7,invest,（を）投資する；に（〜を）与える（with）
617,7,reserve,を予約する；を取っておく；（判断など）を保留する
618,7,trace,（足跡・起源など）をたどる；を捜し出す
619,7,illustrate,を説明する；に挿絵を入れる
620,7,advise,に忠告［助言］する；（を）助言する
621,7,convey,を伝える；を運ぶ，運搬する
622,7,attach,を（取り）付ける；を付与する
623,7,stretch,を伸ばす；を広げる；伸びる；及ぶ
624,7,puzzle,を当惑させる
625,7,disturb,をかき乱す；を妨害する；を動揺させる
626,7,crash,衝突する，墜落する；をぶつけて壊す
627,7,cope,うまく処理する
628,7,permit,を許可する（≒ allow）（⇔ forbid ⇒ 1013）
629,7,impress,を感動させる；に印象を与える
630,7,suspect,ではないかと思う；（人）を疑う
631,7,upset,を動揺させる；をだめにする
632,7,frighten,（人）を怖がらせる
633,7,import,を輸入する（⇔ export （を）輸出する）；を取り込む
634,7,export,（を）輸出する（⇔ import を輸入する）
635,7,investigate,を調査する；を究明する；（〜を）調査する（into）
636,7,monitor,を監視する；を傍受する
637,7,calculate,を計算する；を予測する
638,7,eliminate,を取り除く
639,7,ease,を軽減する；和らぐ；緩む
640,7,launch,を開始する；を売り出す；を発射する
641,7,sequence,連続；一連（のもの）
642,7,therapy,療法；心理療法
643,7,symptom,症状；兆候（≒ sign）
644,7,incident,出来事，事件；紛争
645,7,witness,目撃者（≒ eyewitness）；証人；証拠，証言
646,7,sum,（金）額；合計；要点
647,7,burden,負担；（重い）義務；積み荷
648,7,tone,口調；音色；雰囲気；色調
649,7,honor,光栄；名誉（⇔ dishonor 不名誉）；敬意
650,7,award,（〜の）賞（for）；（証書などの）授与
651,7,priority,優先（事項）
652,7,logic,論理；道理；論理学
653,7,minimum,最小限度（⇔ maximum ⇒ 965）
654,7,exception,（〜の）例外（to）
655,7,clue,（〜の）手がかり（to / about）；（パズルの）ヒント
656,7,bond,絆；債券；束縛；接着剤
657,7,virus,ウイルス；（感染症の）病原体
658,7,surgery,（外科）手術；外科，外科医学
659,7,insurance,保険；保険料；保険金
660,7,frame,枠，（額）縁；骨組み；体格
661,7,shelter,避難（所），保護
662,7,territory,領土；（活動の）領域；（動物の）テリトリー
663,7,boundary,境界（線）；〔通例〜ries〕限界
664,7,habitat,生息地；（人の）居住地
665,7,district,地区；行政区
666,7,conservation,（動植物などの）保護；保存
667,7,harvest,収穫（物）；収穫期；漁獲高
668,7,predator,捕食動物；略奪者
669,7,trap,わな；苦境
670,7,trick,こつ；策略；いたずら；芸当
671,7,fault,〔通例one's 〜〕責任；欠点；誤り
672,7,discount,割引
673,7,bias,偏見；傾向
674,7,cooperation,協力，共同
675,7,patent,特許（権）；特許品
676,7,dialogue,対話，会話；意見の交換
677,7,component,構成要素；部品
678,7,reputation,評判；名声
679,7,verbal,言葉の；口頭での；動詞の
680,7,internal,内部の（⇔ external ⇒ 989）；国内の；内面的な
681,7,solid,しっかりした；硬い；固体の
682,7,remote,（〜から）遠く離れた（from）；かけ離れた
683,7,principal,主要な；資本金の
684,7,sophisticated,高性能の，精巧な；洗練された
685,7,equivalent,等しい，相当する
686,7,rational,理性的な；合理的な
687,7,relevant,関係がある；適切な
688,7,absolute,絶対的な（⇔ relative 相対的な）
689,7,frequent,頻繁な
690,7,permanent,永続的な（⇔ temporary ⇒ 793）
691,7,intense,強烈な；熱烈な
692,7,meaningful,意味のある
693,7,evil,邪悪な；有害な
694,7,extinct,絶滅した；廃止された
695,7,random,無作為の；手当たり次第の
696,7,raw,生の；未加工の
697,7,rude,無礼な（⇔ polite 礼儀正しい）；粗野な
698,7,mere,単なる，ほんの
699,7,tropical,熱帯の
700,7,forth,前へ，先へ；それ以降
701,8,possess,を所有している；の心をとらえる
702,8,dominate,を支配する；（〜より）優勢である（over）
703,8,guarantee,を保証する
704,8,melt,溶ける；なごむ；を溶かす
705,8,embarrass,に恥ずかしい思いをさせる
706,8,discourage,（人）にやる気をなくさせる；を落胆させる（⇔ encourage ⇒ 30）
707,8,detect,を感知する；を見つけ出す；に気づく
708,8,devote,をささげる
709,8,urge,に（強く）促す；を強く主張する；を駆り立てる
710,8,lend,を貸す（⇔ borrow を借りる）；（人）に（助言・援助など）を与える
711,8,restrict,を制限する
712,8,isolate,を孤立させる
713,8,accompany,に同行する；に付随する
714,8,exhaust,を疲れ果てさせる；を使い尽くす；排気する
715,8,annoy,を悩ます；〔受身形で〕腹が立つ
716,8,endanger,を危険にさらす
717,8,acknowledge,（事実など）を認める（≒ admit ⇒ 406）；に謝意を表す
718,8,admire,に（〜のことで）敬服［感心］する（for）
719,8,evaluate,を評価する；を査定する
720,8,declare,を宣言する；を申告する
721,8,secure,を確保する；を守る
722,8,specialize,専門とする；【英】（〜を）専攻する（in）（≒ 【米】major）
723,8,attribute,（結果など）を（〜に）帰する（to）
724,8,pretend,（の）ふりをする
725,8,bury,を埋める；を埋葬する；を隠す
726,8,reverse,を逆転させる；を反対にする
727,8,resist,に抵抗する；〔通例否定文で〕を我慢する
728,8,scare,をおびえさせる；を脅す
729,8,imitate,をまねる；を模造する
730,8,assist,（を）援助する；を手伝う
731,8,resemble,に似ている
732,8,retire,（〜から）引退する，退職する（from）；退く
733,8,neglect,をおろそかにする，怠る；を無視する
734,8,collapse,崩壊する；（人が）倒れる；を折り畳む
735,8,reform,を改革する；を改心させる
736,8,protest,（に）抗議する；を主張する
737,8,owe,に借りがある；のおかげである
738,8,sustain,を持続させる；を支える
739,8,assign,を割り当てる；を（〜に）配属する（to）
740,8,accomplish,を成し遂げる
741,8,wisdom,知恵；賢明さ；学識
742,8,literacy,読み書きの能力；（特定分野の）知識
743,8,heritage,遺産
744,8,mission,使命；（外交）使節団；布教
745,8,license,免許（証）；許可
746,8,elite,〔通例the 〜〕〔集合的に〕エリート
747,8,layer,層
748,8,motor,モーター；原動力
749,8,protein,たんぱく質
750,8,profession,職業；専門職；同業者仲間
751,8,editor,編集者；編集長
752,8,agent,仲介者，代理人；薬剤
753,8,globe,地球（≒ earth）；世界；球
754,8,haven,避難所，保護区；港
755,8,row,列；（建物が並ぶ）通り
756,8,sacrifice,犠牲；いけにえ
757,8,means,〔単数・複数扱い〕手段；〔複数扱い〕資力，収入
758,8,session,集まり；（議会の）会期；（開会中の）議会
759,8,league,（競技）連盟；同盟
760,8,contest,コンテスト，競技（会）；争い
761,8,guard,警備員；警備隊；監視，警戒
762,8,opponent,（試合・論争などの）相手；反対者
763,8,glance,（〜を）ちらっと見ること（at）
764,8,divorce,離婚；分離
765,8,tissue,（生物の）組織；ティッシュペーパー
766,8,liquid,液体
767,8,inequality,不平等；不公平な事柄
768,8,prejudice,（〜に対する）偏見（against）（≒ bias）
769,8,justice,公正，正義；司法
770,8,guideline,指針，ガイドライン；指導基準
771,8,platform,プラットフォーム；演壇；舞台
772,8,sector,（社会・経済などの）部門，セクター；（都市内の）地域
773,8,channel,チャンネル；伝達経路；海峡
774,8,glacier,氷河
775,8,primate,霊長目の動物
776,8,usage,（使）用法；語法；習慣
777,8,fortune,財産；幸運（≒ luck）；運命
778,8,correlation,相互関係，相関（関係）
779,8,artistic,芸術的な
780,8,literary,文学の；文語の（⇔ colloquial 口語体の）
781,8,classic,第一級の；典型的な；定番の
782,8,liberal,自由主義の；寛大な；一般教養の
783,8,concrete,具体的な（⇔ abstract ⇒ 586）；有形の
784,8,slight,わずかな；取るに足らない
785,8,federal,連邦（政府）の
786,8,primitive,原始的な；未開の
787,8,unfamiliar,（〜に）不慣れな（with）；（〜に）（よく）知られていない（to）
788,8,subtle,微妙な；（気体などが）希薄な
789,8,plain,明らかな；平易な；飾りのない；率直な
790,8,marine,海の；船舶の
791,8,apparent,明白な；一見〜らしい
792,8,reluctant,気が進まない，嫌がる（⇔ willing ⇒ 298）
793,8,temporary,一時的な（⇔ permanent ⇒ 690）
794,8,guilty,罪悪感のある；（〜について）有罪の（of）
795,8,royal,王の
796,8,pure,純粋な；潔白な；まったくの
797,8,incredible,信じられない；すばらしい
798,8,eager,（〜を）熱望して（for）；熱心な
799,8,adequate,十分な；適切な（⇔ inadequate 不適切な）
800,8,via,〜経由で；〜の媒介で
801,9,assess,を評価する；を査定する
802,9,approve,賛成する；を承認する
803,9,remark,と述べる；（〜について）意見を述べる（on / upon）
804,9,pose,（危険）を引き起こす；（問題など）を提起する；ポーズをとる；（〜を）装う（as）
805,9,yield,をもたらす；を（〜に）譲る（to）；（〜に）屈する（to）
806,9,exhibit,を示す，見せる；を展示する
807,9,distribute,を（〜に）分配する（to）；〔受身形で〕分布する
808,9,command,を命じる；を指揮する；（景色）を見渡せる
809,9,occupy,（空間・時間）を占める；を占領する
810,9,pop,ひょいと動く；不意に現れる；ポンとはじける
811,9,pile,を積み重ねる；積み重なる
812,9,greet,に挨拶する；を迎える
813,9,apologize,（〜に；〜のことで）謝る（to；for）；弁明する
814,9,frustrate,をいら立たせる；（計画・希望など）を挫折させる
815,9,relieve,を和らげる；〔受身形で〕（...して）安心する（to do）；を解放する
816,9,derive,由来する；を引き出す；を推論する
817,9,deserve,に値する
818,9,peer,（〜を）じっと見る（at / into）
819,9,defeat,を負かす（≒ beat）；を失敗させる
820,9,convert,を変える；を改宗［転向］させる；を交換する
821,9,wed,と結婚する；を（〜と）結婚させる（to）
822,9,delight,を喜ばせる；（〜を）大いに喜ぶ（in）
823,9,boost,を押し上げる；を増加させる
824,9,endure,に耐える（≒ put up with）；（に）持ちこたえる
825,9,correspond,一致する；（〜に）相当する（to）；文通する
826,9,impose,を課す；を押しつける
827,9,rescue,を救う
828,9,resolve,を解決する；を決意する；を議決する
829,9,register,を記録する，登録する；（〜に）登録する（for）
830,9,interrupt,を中断させる；（の）邪魔をする
831,9,rid,から（〜を）取り除く，除去する（of）
832,9,prohibit,を禁止する
833,9,compose,を構成する；を創作する；を鎮静する
834,9,misunderstand,（を）誤解する
835,9,punish,を罰する；に損傷を与える
836,9,ruin,をだめにする；を破滅させる；破滅する
837,9,defend,を防御する；を弁護する
838,9,embrace,を受け入れる；（を）抱擁する；を包含する
839,9,modify,を修正する；を緩和する
840,9,qualify,（人）に資格を与える；資格がある
841,9,passion,情熱；熱中；激怒
842,9,enthusiasm,（〜への）熱情，熱意（for）
843,9,phase,段階，局面；側面
844,9,mode,方式；気分；形態；流行
845,9,span,期間；範囲
846,9,gravity,重力，引力；重量；重大さ
847,9,orbit,軌道；（活動・勢力などの）範囲
848,9,asteroid,小惑星（≒ minor planet）；ヒトデ（＝ starfish）
849,9,core,核心；芯
850,9,soul,精神；魂，霊魂；生気
851,9,nerve,神経；〔〜s〕神経過敏；（...する）度胸（to do）
852,9,infection,感染（症）
853,9,mall,【主に米】 モール，ショッピングセンター
854,9,grocery,〔〜ies〕食料雑貨；食料雑貨店
855,9,humor,ユーモア；気分，機嫌；気質
856,9,instinct,本能；勘，直感；（自然に起こる）衝動
857,9,faith,（〜への）信頼（in）；信仰（心）
858,9,courage,勇気
859,9,incentive,動機（づけ）；報奨金
860,9,prospect,見込み；〔〜s〕（未来への）展望；有望な人
861,9,obstacle,（〜に対する）障害（物）（to）
862,9,architecture,建築；建築様式；構造
863,9,stem,（草木の）茎，幹
864,9,illusion,錯覚，思い違い；幻想
865,9,discrimination,（〜に対する）差別（against）；区別
866,9,shame,恥；残念なこと
867,9,drought,干ばつ；（慢性的な）不足
868,9,flavor,風味；特色
869,9,portion,部分；1人前；割り当て
870,9,recipe,調理法，レシピ；手順；秘訣
871,9,luxury,ぜいたく（品）；〔形容詞的に〕豪華な
872,9,chip,小片，破片；欠けた箇所；集積回路
873,9,ritual,儀式；（日常の）習慣的行為
874,9,sake,〔for the 〜 ofで〕のために，の目的で；に免じて
875,9,prefecture,（日本の）県，府；（フランスなどの）県
876,9,council,（地方）議会；評議会；（公の）会議
877,9,administration,管理（部）；行政；政府（機関）
878,9,curriculum,教育課程，カリキュラム
879,9,precious,貴重な；高価な（≒ valuable）
880,9,generous,寛大な；気前のよい（⇔ stingy けちな）；豊富な
881,9,casual,何気ない；形式ばらない
882,9,optimistic,楽観的な（⇔ pessimistic ⇒ 1593）
883,9,rough,粗い；大まかな；乱暴な
884,9,unpleasant,不愉快な；不親切な，無礼な
885,9,Arctic,北極の（⇔ Antarctic 南極の）
886,9,ultimate,究極の
887,9,deaf,耳が聞こえない（≒ hard of hearing）
888,9,genuine,"本物の（≒ authentic ⇒ 1580, real）；偽りのない"
889,9,manual,体［手］を使う；手の；手動式の
890,9,mechanical,機械の；機械的な
891,9,instant,即時の，すぐの；即席の
892,9,spare,余分の，予備の
893,9,immune,（〜に対して）免疫を持つ（to）；（〜を）免れた（from）
894,9,harsh,厳しい；（光・色・味などが）不快な
895,9,collective,集団の，共同の
896,9,inevitable,避けられない
897,9,profound,重大な；深い；難解な
898,9,steady,着実な，一定の；安定した
899,9,mature,成熟した（⇔ immature 未熟な）；熟した
900,9,likewise,同様に（≒ in the same way）
901,10,chase,（を）追跡する；（を）追求する
902,10,sue,を告訴する；（〜を求めて）訴訟を起こす（for）
903,10,gaze,じっと見る
904,10,slip,滑る；滑り落ちる；そっと動く
905,10,load,に積む；に負わせる
906,10,overwhelm,を圧倒する；を（精神的に）打ちのめす
907,10,wander,歩き回る；それる；はぐれる
908,10,float,漂う，浮かぶ；を浮かべる
909,10,pour,を注ぐ；激しく降る；押し寄せる
910,10,substitute,を代わりに使う；（〜の）代理をする（for）
911,10,pronounce,を発音する；を宣言する
912,10,shrink,縮む，縮小する；減少する；ひるむ
913,10,restore,を回復させる；を修復する
914,10,trigger,を引き起こす；のきっかけとなる
915,10,grab,をつかむ；を横取りする；を急いで食べる
916,10,retain,を保持する；を覚えている
917,10,reproduce,を複製する；を繁殖させる；繁殖する
918,10,bob,上下に動く；急に動く；を上下に動かす
919,10,entertain,を楽しませる；をもてなす
920,10,interfere,干渉する，介入する；邪魔する
921,10,cultivate,を養う；を耕す；を栽培する
922,10,underlie,の根底にある
923,10,anticipate,を予期する；楽しみに待つ
924,10,justify,を正当化する
925,10,regulate,を規制する；を調整する
926,10,scan,を走査［スキャン］する；をざっと見る；を注意深く調べる
927,10,classify,を分類する；を機密扱いにする
928,10,submit,を提出する；〔submit oneselfで〕（〜に）従う（to）
929,10,pause,（一時的に）中止する；（一瞬）立ち止まる
930,10,lean,傾く；寄りかかる；をもたせかける
931,10,bump,ぶつかる；をぶつける
932,10,fold,を折り畳む；（両腕）を組む；（折り）畳める
933,10,hesitate,躊躇する，ためらう
934,10,pump,（液体・気体）をポンプで送り込む；をくみ出す；を注ぎ込む
935,10,mount,を据えつける；に着手する；（自転車など）に乗る；増える
936,10,exceed,を超える；に勝る
937,10,undergo,を経験する；（手術など）を受ける；に耐える
938,10,confront,に立ち向かう；（困難などが）に立ちはだかる
939,10,consult,（に）相談する；を参照する
940,10,fulfill,を実現させる；を果たす；を満たす
941,10,privilege,特権，特典
942,10,formation,形成；構成（物）；隊列
943,10,dimension,側面，局面；次元；寸法
944,10,neuron,ニューロン，神経単位
945,10,sensation,感覚；大評判
946,10,chart,図，グラフ；海図；ヒットチャート
947,10,geography,〔the 〜〕地理；地理学
948,10,panel,（専門家の）一団；討論者一同；羽目板
949,10,semester,【主に米】 （2学期制の）学期
950,10,workforce,労働人口，総労働力；全従業員（数）
951,10,mill,製造工場；製粉所；粉ひき機
952,10,abuse,乱用；虐待
953,10,vice,（道徳上の）悪（⇔ virtue ⇒ 1078）；欠点
954,10,fate,運命；結末；最期
955,10,tragedy,悲劇（的な事態）（⇔ comedy 喜劇）
956,10,scenario,（予想される）筋書き，事態；脚本
957,10,allergy,アレルギー
958,10,wound,（銃弾・刃物などによる）傷；痛手
959,10,antibiotic,〔通例〜s〕抗生物質
960,10,vaccine,ワクチン
961,10,metaphor,隠喩；比喩
962,10,folk,人々；〔〜s〕皆さん；〔one's 〜s〕家族
963,10,fare,（乗り物の）料金
964,10,transition,移り変わり；過渡期
965,10,maximum,最大限（⇔ minimum ⇒ 653）
966,10,galaxy,星雲，銀河；〔the G〜〕銀河系
967,10,mineral,鉱物；ミネラル
968,10,skeleton,骨格；骨組み；概略
969,10,counterpart,相当する物［人］
970,10,stroke,脳卒中；（ボールを）打つこと；（雷などの）一撃
971,10,pedestrian,歩行者
972,10,trail,（野山などの）小道；跡；手がかり
973,10,ecology,生態学；生態系；環境保護
974,10,sibling,きょうだい（の1人）
975,10,ratio,比率
976,10,mixture,混合（物）
977,10,charm,魅力；お守り
978,10,ambition,（〜に対する）願望，野望（for）；野心
979,10,prominent,卓越した；目立つ
980,10,radical,急進的な；根本的な
981,10,prompt,即座の，迅速な
982,10,informal,形式ばらない，略式の（⇔ formal 正式の）；（言葉が）くだけた
983,10,mutual,相互の；共通の
984,10,neutral,中立の；（特徴・表情などが）はっきりしない
985,10,alert,警戒して；敏速な
986,10,magnetic,磁気の；磁石の；人を引きつける
987,10,polar,極地の；電極の
988,10,fluent,流ちょうな
989,10,external,外部の（⇔ internal ⇒ 680）；対外的な
990,10,passive,受動的な；消極的な
991,10,awful,ひどい；嫌な；ものすごい
992,10,unrelated,無関係の；血縁関係がない
993,10,cruel,残酷な；むごい
994,10,fake,偽の；見せかけだけの
995,10,vulnerable,（攻撃などに）弱い，もろい；傷つきやすい
996,10,urgent,緊急の
997,10,spiritual,精神の（⇔ material ⇒ 73）；霊的な
998,10,modest,謙虚な（≒ humble）；適度な；質素な
999,10,keen,熱心な；鋭敏な；（感情・関心などが）強い
1000,10,nonetheless,それにもかかわらず，それでもなお（≒ nevertheless）
1001,11,negotiate,交渉する；を（交渉して）取り決める
1002,11,grasp,を把握［理解］する；をしっかり握る
1003,11,donate,を寄付する；（臓器・血液）を提供する
1004,11,arrest,を逮捕する；を止める；（注意）を引く
1005,11,crack,ひびが入る；にひびを入れる
1006,11,tap,を軽くたたく；（液体）を出す；を盗聴する
1007,11,split,を分割する；を分担する；分裂する
1008,11,forecast,を予想［予測］する
1009,11,exclude,を除外する（⇔include を含む）
1010,11,overlook,を見落とす；を大目に見る；を見渡す
1011,11,burst,破裂する；（〜を）突然始める（into）
1012,11,heal,（人・傷など）を治す；治る
1013,11,forbid,を禁じる（⇔permit 許可する）
1014,11,install,をインストールする；を設置する；を就任させる
1015,11,diminish,を減らす；減少する（≒decrease）
1016,11,cite,を引き合いに出す；を引用する
1017,11,quote,を引用する；を引き合いに出す
1018,11,dispute,に異議を唱える；（を）議論する
1019,11,highlight,を目立たせる、強調する
1020,11,distract,（注意など）をそらす
1021,11,cheat,をだます；不正をする
1022,11,foster,をはぐくむ；を養育する；を心に抱く
1023,11,obey,に従う；に服従する
1024,11,bend,を曲げる；を屈服させる；曲がる
1025,11,deprive,から（権利などを）奪う
1026,11,govern,（を）統治する、支配する
1027,11,log,〔log onで〕ログオンする；を記録する
1028,11,transmit,を伝える；（電波・信号など）を送る
1029,11,bully,をいじめる；を脅す
1030,11,leap,跳ぶ；さっと動く；急上昇する
1031,11,astonish,を驚かす
1032,11,thrill,をぞくぞくさせる；わくわくする
1033,11,nod,うなずく；会釈する；うとうとする
1034,11,bow,おじぎする；屈服する
1035,11,blend,を混ぜる；を調和させる；（〜に）溶け込む（into）
1036,11,complicate,を複雑にする
1037,11,pitch,を投げる；倒れる；縦揺れする
1038,11,persist,続く；固執する
1039,11,dedicate,をささげる；を献呈する
1040,11,equip,に備えつける
1041,11,premise,前提；〔〜s〕（建物を含めた）構内、敷地
1042,11,input,入力（情報）、投入；（情報・時間などの）提供
1043,11,merit,利点（⇔demerit 欠点）；功績；真価
1044,11,sympathy,同情；（〜に対する）共感（with/for）
1045,11,compliment,賛辞；表敬
1046,11,infrastructure,インフラ、基本的施設；（経済）基盤
1047,11,ray,光線；ひらめき、一筋の光明
1048,11,distress,苦悩；苦痛；困窮
1049,11,joint,関節；接合（部）
1050,11,expedition,遠征（隊）、探検（隊）
1051,11,adolescent,青年；青年期の
1052,11,shade,（日）陰；色合い；日よけ；微妙な相違
1053,11,jury,陪審（員団）；審査員団
1054,11,ethic,倫理、道徳；〔〜s〕倫理［道徳］規範
1055,11,penalty,（刑）罰；罰金；ペナルティー
1056,11,faculty,能力、機能；学部；教授陣
1057,11,scheme,計画（≒plan）；体系；陰謀
1058,11,nutrition,栄養（の摂取）
1059,11,particle,（微）粒子；ほんのわずか
1060,11,molecule,分子；微粒子
1061,11,nationality,国籍；国民；国民性
1062,11,poll,世論調査；投票（数）
1063,11,clinic,診療所、クリニック；（病院内の）〜科
1064,11,dementia,認知症
1065,11,fatigue,疲労（≒exhaustion）
1066,11,dilemma,ジレンマ、板ばさみ
1067,11,queue,【英】（順番を待つ）列
1068,11,curve,（道路などの）カーブ；曲線
1069,11,narrative,物語、話；（小説の）叙述部分、地の文
1070,11,fingerprint,指紋
1071,11,file,ファイル；（書類の）とじ込み
1072,11,wilderness,荒野；（庭・町などの）放置された部分
1073,11,pesticide,殺虫剤；除草剤（≒herbicide）
1074,11,panic,パニック（状態）；狼狽
1075,11,fabric,織物、布（地）；構造
1076,11,fantasy,空想；幻想；幻想的作品
1077,11,fancy,（気まぐれな）好み；空想；思いつき
1078,11,virtue,美徳（⇔vice 悪）；長所；効能
1079,11,grateful,感謝している
1080,11,valid,妥当な；有効な
1081,11,elaborate,入念な；凝った
1082,11,moderate,適度な；穏健な
1083,11,dynamic,活動的な、精力的な；動的な（⇔static 静的な）
1084,11,brave,勇敢な（⇔cowardly 臆病な）；見事な
1085,11,brilliant,すばらしい；才能にあふれた；きらめく
1086,11,tremendous,途方もない、莫大な；すばらしい
1087,11,oral,口頭の
1088,11,innocent,無罪の（⇔guilty 有罪の）；無邪気な；無知の
1089,11,subsequent,その後の
1090,11,shallow,浅い（⇔deep 深い）；浅薄な
1091,11,indifferent,無関心な（≒uninterested）
1092,11,inferior,より劣った（⇔superior よりすぐれた）
1093,11,awkward,気まずい；ぎこちない；厄介な
1094,11,obese,肥満した
1095,11,pregnant,妊娠した；（〜で）満ちている（with）
1096,11,intimate,親密な；密接な
1097,11,medieval,中世の；時代遅れの
1098,11,sacred,神聖な（≒holy）；宗教的な；厳粛な
1099,11,simultaneously,（〜と）同時に（with）；一斉に
1100,11,versus,〔A 〜 Bで〕A対B；AかBか
1101,12,proceed,進む，進行する；（〜を）続行する（with）
1102,12,orient,（人）を（環境などに）慣らす（to）；〔受身形で〕（関心などが）（〜に）向いている（to / toward）
1103,12,surf,（インターネット上の情報など）を見て回る；サーフィンをする
1104,12,filter,をろ過する；を取り除く
1105,12,bind,を縛る；を束縛する；を結び付ける
1106,12,resort,（好ましくない手段に）訴える，頼る（to）
1107,12,reinforce,を強化する；を補強する
1108,12,accumulate,を蓄積する，集める；積もる
1109,12,bet,と確信する，断言する；（金などを）かける
1110,12,advocate,を主張する；を擁護する
1111,12,constitute,を構成する；になる，に等しい
1112,12,undertake,を引き受ける；を保証する；に着手する
1113,12,grip,を握る；をとらえる
1114,12,dismiss,（意見など）を退ける；を解雇する
1115,12,fade,薄れる；衰える
1116,12,conceal,を隠す（≒ hide）；を秘密にする（⇔uncover ⇒ 1236）
1117,12,chew,（を）かむ；をかみ砕く
1118,12,swallow,（を）飲み込む；をうのみにする；に耐える
1119,12,seal,を密閉する；に封をする
1120,12,migrate,移住する；（鳥などが）渡る
1121,12,exaggerate,（を）誇張する；を強調する
1122,12,accuse,を非難する；を告訴する
1123,12,vanish,消える（≒ disappear）
1124,12,polish,を磨く；を洗練させる
1125,12,wipe,を拭く；を拭き取る；を消し去る
1126,12,sweep,（を）掃く；を一掃する；さっと通過する
1127,12,mislead,を誤解させる，欺く；（人）を間違った方向に導く
1128,12,spoil,を台無しにする；を甘やかす；だめになる
1129,12,compound,を悪化させる；を合成する；を混合する
1130,12,explode,爆発する；急増する；を論破する
1131,12,disgust,をむかつかせる；に愛想を尽かせる
1132,12,commute,通勤［通学］する
1133,12,decorate,を装飾する
1134,12,postpone,を延期する（≒ put off）
1135,12,cease,をやめる；終わる
1136,12,compromise,妥協する；を危うくする
1137,12,elect,を選出する
1138,12,extract,を取り［搾り］出す；を抜粋する
1139,12,inherit,を受け継ぐ；を相続する
1140,12,rear,（人・動物・植物）を育てる（≒ raise）
1141,12,empathy,感情移入，共感
1142,12,cue,合図；手がかり；（次の演技の）キュー
1143,12,enterprise,企業，事業；企画；進取の気性
1144,12,output,生産（高）；出力；排出（量）
1145,12,congress,（米国などの）議会；会議
1146,12,millennium,千年間，千年紀
1147,12,mankind,人類
1148,12,Muslim,イスラム教徒
1149,12,estate,（動産・不動産などの）財産；私有地
1150,12,landmine,地雷
1151,12,caution,用心；警告
1152,12,controversy,論争
1153,12,consensus,総意；（意見の）一致
1154,12,retail,小売り（⇔ wholesale 卸売り）
1155,12,fiber,繊維（質）；本質；精神力
1156,12,scent,（よい）香り；香水
1157,12,beverage,（水以外の）飲み物，飲料
1158,12,supplement,栄養補助剤，サプリメント；補足
1159,12,diabetes,糖尿病
1160,12,province,州，省；〔the 〜s〕地方；分野
1161,12,reef,（岩や砂の）礁；暗礁
1162,12,microbe,微生物；細菌
1163,12,excess,過剰，超過
1164,12,gallery,美術館，画廊；観客，ギャラリー；回廊
1165,12,fame,名声
1166,12,deadline,締め切り
1167,12,undergraduate,学部学生
1168,12,slavery,奴隷制度；苦役
1169,12,prey,獲物；犠牲者
1170,12,mess,散らかった状態［物］；混乱状態
1171,12,recession,不況；後退
1172,12,retreat,後退，退却；（計画・決定などの）撤回
1173,12,grave,墓；〔通例the 〜〕死
1174,12,column,コラム；（新聞などの）欄；円柱；（縦）列
1175,12,scenery,〔集合的に〕景色；背景
1176,12,plot,（小説などの）筋；陰謀
1177,12,sculpture,彫刻（作品）
1178,12,tablet,タブレット（型情報端末）；錠剤；平板
1179,12,dense,密集した，密度の高い；（霧などが）濃い
1180,12,exotic,外来の；異国風の
1181,12,acid,酸性の；酸っぱい；辛辣な
1182,12,bitter,苦い，つらい；辛辣な；怒りっぽい
1183,12,sensible,賢明な；実用的な；顕著な
1184,12,noble,高貴な；堂々とした；高潔な
1185,12,vague,漠然とした，あいまいな；おぼろげな
1186,12,parallel,（〜と）平行［並行］の（to）；類似した
1187,12,tense,張り詰めた，緊張した
1188,12,vertical,垂直の（⇔ horizontal 水平な）；縦方向の
1189,12,indigenous,原産の，先住の；（その土地に）固有の
1190,12,aboriginal,〔通例A〜〕アボリジニの；原生の，先住の
1191,12,seasonal,季節の，季節的な
1192,12,abundant,豊富な；（〜に）富む（in）
1193,12,hybrid,ハイブリッドの；雑種の；混成の
1194,12,irrelevant,（〜にとって）無関係の（to）；見当違いの
1195,12,ridiculous,ばかげた；法外な
1196,12,fairy,妖精の（ような）
1197,12,sensory,感覚の
1198,12,chronic,慢性の（⇔ acute ⇒ 1486）；長引く；常習の
1199,12,voluntary,自発的な（⇔ compulsory ⇒ 1384）；無償の
1200,12,inclined,傾向がある；傾いた
1201,13,infer,を推論する，推測する
1202,13,esteem,を尊敬する；を見なす
1203,13,tackle,に取り組む；と（〜のことで）話をつける（about / on）
1204,13,venture,危険を冒して進む；を思い切ってする
1205,13,accelerate,を加速させる，促進する；加速する
1206,13,accustom,（人）を慣れさせる
1207,13,amuse,をおもしろがらせる，楽しませる
1208,13,flourish,繁栄する；繁茂する；を振りかざす
1209,13,thrive,繁栄する，うまくいく；繁茂する
1210,13,nurture,をはぐくむ；を養成する
1211,13,click,（を）クリックする；をカチッと鳴らす；カチッと音がする
1212,13,spin,回転する；を回転させる；（糸）を紡ぐ
1213,13,clip,を切り抜く；を（はさみで）切り取る；をクリップで留める
1214,13,drag,を引きずる；ぐずぐずする
1215,13,cast,を投じる；に役を当てる
1216,13,scatter,をまき散らす；分散する
1217,13,tempt,を（...する）気にさせる（to do）；を引きつける
1218,13,withdraw,を引き出す；を撤回する；撤退する
1219,13,yawn,あくびをする
1220,13,blink,まばたきする；点滅する；（目）をまたたく
1221,13,dye,を染める；染まる
1222,13,spill,をこぼす；こぼれる
1223,13,irritate,をいらいらさせる；をひりひりさせる
1224,13,insult,を侮辱する（≒ affront）
1225,13,enforce,を施行［実施］する；を（〜に）強制する（on / upon）
1226,13,rob,から（金品を）奪う
1227,13,drain,（液体）を流出させる；（液体が）流れ出る
1228,13,suspend,を停職［停学，出場停止］にする；を一時的に中断する
1229,13,drift,漂う；さまよう；を押し流す
1230,13,forgive,を許す；を免除する
1231,13,revise,を修正する；を改訂する
1232,13,recruit,を募る；に新人を補充する
1233,13,twist,をねじる，ひねる；を歪曲する
1234,13,crush,を押しつぶす；を弾圧する；を絞り出す
1235,13,pin,をピンで留める；を突き刺す
1236,13,uncover,を暴く（⇔ conceal ⇒ 1116）；を 発掘する
1237,13,exploit,を活用する；を搾取する，につけ込む
1238,13,implement,を実行［実施］する
1239,13,integrate,を統合する；融合する
1240,13,incorporate,を取り入れる；を法人にする；合併する
1241,13,profile,人物の紹介；横顔；輪郭
1242,13,appetite,食欲；欲求
1243,13,impulse,衝動；刺激
1244,13,script,台本；筆跡
1245,13,anniversary,（〜周年）記念日
1246,13,pension,年金
1247,13,temper,気質，気性；機嫌；かんしゃく
1248,13,cortex,皮質；樹皮
1249,13,syndrome,症候群；〜現象
1250,13,chamber,（特定の目的の）部屋；議場；〔the 〜〕議院
1251,13,utility,公共事業；公共料金；実用性
1252,13,cattle,〔集合的に〕牛
1253,13,herd,（牛などの）群れ；群衆
1254,13,fluid,流動体，液体
1255,13,pity,残念なこと；哀れみ
1256,13,priest,聖職者
1257,13,acquaintance,知人；面識；知識
1258,13,offspring,子孫，子；成果
1259,13,famine,飢饉；（食糧・物資の）ひどい不足
1260,13,deforestation,森林伐採
1261,13,jail,刑務所，拘置所（≒ prison）
1262,13,commodity,商品；有用なもの
1263,13,format,書式，形式；（本などの）型
1264,13,recipient,受け取る人；（臓器などの）被提供者
1265,13,drill,訓練；（反復）練習；ドリル，錐
1266,13,inability,無能，無力
1267,13,republic,共和国；共和制
1268,13,combat,戦闘；対立
1269,13,debris,（破壊された後の）残骸，瓦礫；がらくた
1270,13,bug,病原菌（が起こす病気）；虫；盗聴器；（機械・プログラムの）欠陥
1271,13,fraction,わずか（≒ bit），一部；分数
1272,13,index,指標；索引；指数
1273,13,intuition,直観（力），直感
1274,13,motive,動機
1275,13,consent,同意，承諾
1276,13,hierarchy,（社会の）階層制；〔the 〜〕支配層
1277,13,monument,記念碑，遺跡；金字塔
1278,13,asset,〔通例〜s〕資産；価値のあるもの；利点
1279,13,decent,まずまずの；きちんとした；上品な
1280,13,competent,有能な；適任の；満足できる
1281,13,straightforward,単純な；率直な
1282,13,cosmetic,化粧の，美容の；うわべの
1283,13,delicate,繊細な；扱いにくい；もろい
1284,13,interior,室内の；内部の（⇔ exterior 外部の）
1285,13,transparent,透明な；明快な
1286,13,aesthetic,美的な；美学の
1287,13,deliberate,故意の；慎重な
1288,13,demographic,人口統計学の
1289,13,prehistoric,有史以前の；旧式な
1290,13,innate,生まれながらの；固有の
1291,13,mild,穏やかな；（程度が）軽い
1292,13,toxic,有毒な；中毒性の
1293,13,ashamed,恥じて
1294,13,humble,謙虚な；質素な；身分が低い
1295,13,peculiar,特有の；特異な
1296,13,steep,（傾斜が）急な；急激な；法外な
1297,13,trivial,ささいな，取るに足りない
1298,13,magnificent,壮大な；見事な
1299,13,wireless,無線（電信）の，ラジオの
1300,13,ongoing,継続している，進行中の
1301,14,assure,に自信を持って言う；を保証する
1302,14,precede,に先行する；に優先する
1303,14,revive,を復活させる；復活する
1304,14,compel,に強いる
1305,14,blossom,花が咲く（≒ bloom）；発展する
1306,14,terrify,を怖がらせる；を脅かす
1307,14,violate,（法律・規則など）に違反する；を侵害する
1308,14,suppress,を抑える；を抑圧する
1309,14,deceive,をだます（≒ take in）
1310,14,manipulate,を（巧みに）操る；を改ざんする
1311,14,starve,飢える；（〜を）渇望する（for）；を飢えさせる
1312,14,flee,（から）逃げる
1313,14,whisper,（を）ささやく
1314,14,yell,叫ぶ，どなる
1315,14,deposit,を置く；を預ける；を堆積させる
1316,14,confine,を限定する；〔通例受身形で〕閉じ込められる
1317,14,swing,を揺らす，振る；揺れる；（行動に）さっと移る
1318,14,prolong,を長引かせる
1319,14,depict,を描く
1320,14,outline,の要点を述べる；の輪郭を描く
1321,14,shed,を捨て去る；（光など）を放つ；（涙・血）を流す
1322,14,emit,（光・熱など）を出す，排出する；（信号）を送る
1323,14,renew,を更新する；（資源）を再生する
1324,14,utilize,を利用する（≒ make use of）
1325,14,assert,を主張する
1326,14,strain,に負担をかける；を緊張させる；を漉す
1327,14,strive,努力する；争う
1328,14,dare,あえて［思い切って］...する
1329,14,boast,を誇る；（を）自慢する
1330,14,startle,をびっくりさせる（≒ surprise）
1331,14,offend,の気分を害する；（に）違反する
1332,14,compute,（を）計算する；コンピューターを使う
1333,14,assemble,を集める；を組み立てる；集まる
1334,14,worsen,を悪化させる；悪化する（≒ deteriorate）
1335,14,flip,を（ぱっと）裏返す；を軽くはじく
1336,14,rub,（を）こする；（〜に）を塗る（on / over）
1337,14,descend,（を）降りる（⇔ ascend ⇒ 1839）；受け継がれる
1338,14,compensate,補償する（≒ make up）；に償う
1339,14,comprise,から成る；を構成する
1340,14,prevail,普及している；支配的である；（〜に）打ち勝つ（over）
1341,14,quest,探究
1342,14,dignity,尊厳；威厳
1343,14,criterion,（判断・評価の）基準
1344,14,paradox,逆説；矛盾
1345,14,parliament,（英国などの）議会；国会議員（団）
1346,14,legislation,法律；立法
1347,14,agenda,協議事項（リスト）；議事日程（表）；（政治上の）課題
1348,14,mainstream,（活動・思潮などの）主流；大勢
1349,14,troop,〔〜s〕軍隊；集団
1350,14,epidemic,流行（病）；蔓延
1351,14,outbreak,発生，勃発
1352,14,chaos,混沌，大混乱
1353,14,nightmare,悪夢（のような状況）；不安感
1354,14,horror,恐怖；強い嫌悪；嫌な物［人］
1355,14,cluster,集団；（植物の）房，束
1356,14,pollen,花粉
1357,14,hive,ミツバチの巣（箱）；人の集まる所
1358,14,irrigation,灌漑
1359,14,dose,（薬の1回分の）服用量；放射線の1回の照射量
1360,14,suicide,自殺；自殺的行為
1361,14,feast,祝宴；大ごちそう；楽しみ
1362,14,cuisine,（独特の）料理，料理法
1363,14,rumor,うわさ
1364,14,proverb,ことわざ（≒ saying）
1365,14,signature,署名；特徴
1366,14,formula,方法，解決策；公式
1367,14,tuition,【主に米】 授業料（＝ 【英】tuition fees）；（個人）指導
1368,14,intake,摂取量；受け入れ数；取り入れること
1369,14,spectrum,スペクトル；（波動・変動の）範囲
1370,14,kidney,腎臓
1371,14,gear,用具（一式），器具；歯車；ギア
1372,14,aisle,（座席間などの）通路
1373,14,grief,深い悲しみ
1374,14,destiny,運命
1375,14,skull,頭骨，頭蓋骨；頭脳
1376,14,tomb,墓
1377,14,monk,修道士，僧（⇔ nun 修道女，尼）
1378,14,worship,崇拝，礼拝（式）；賛美
1379,14,outstanding,際立った；未払いの；未解決の
1380,14,unprecedented,前例のない；空前の
1381,14,infinite,無限の（⇔ finite 有限の）；無数の
1382,14,worthwhile,価値がある；立派な
1383,14,indispensable,不可欠な（⇔ dispensable なくてもすむ）
1384,14,compulsory,義務的な，強制的な（⇔ voluntary ⇒ 1199）
1385,14,probable,十分にありそうな
1386,14,ambiguous,あいまいな；多義的な
1387,14,obscure,（世に）知られていない；不明瞭な
1388,14,skeptical,（〜に）懐疑的な（of ⇒ about）
1389,14,fragile,壊れやすい；虚弱な
1390,14,static,静的な（⇔ dynamic ⇒ 1083）；動きのない
1391,14,gradual,徐々の，緩やかな
1392,14,vocal,声の，発声の；はっきりものを言う
1393,14,vivid,鮮やかな；生き生きとした
1394,14,imperial,帝国の；皇帝の
1395,14,hostile,敵意のある（⇔friendly 友好的な）
1396,14,superficial,表面的な
1397,14,scarce,乏しい；珍しい
1398,14,gross,総計の；甚だしい；粗野な
1399,14,inherent,生来の，本来的に備わっている
1400,14,notable,注目に値する；著名な
1401,15,update,を最新のものにする；をアップデートする
1402,15,refresh,（気分）をさわやかにする；（記憶など）を新たにする；を最新のものにする
1403,15,bloom,花が咲く；栄える
1404,15,conquer,を征服する；を克服する
1405,15,induce,を引き起こす；を説得する
1406,15,attain,を獲得する，達成する；に達する
1407,15,spray,を吹きかける，に吹きつける
1408,15,retrieve,（情報）を検索する；を取り戻す；を回復する
1409,15,portray,を描く；（の役）を演じる
1410,15,scratch,を引っかく；を取り消す，削除する
1411,15,designate,を指定する；を任命する
1412,15,contradict,と矛盾する；に反対意見を言う
1413,15,sigh,ため息をつく
1414,15,disrupt,を混乱させる；を分裂させる
1415,15,depart,出発する；（〜から）それる（from）
1416,15,navigate,（を）誘導する；（を）操縦する；（を）航行する
1417,15,beg,に（〜を）切に頼む（for）；（を）懇願する
1418,15,inhabit,に住んでいる；に宿る，存する
1419,15,diagnose,（を）診断する
1420,15,comprehend,を理解する
1421,15,oblige,に義務づける；に恩恵を施す
1422,15,cram,に詰め込む；詰め込み勉強をする
1423,15,flock,群がる，集まる
1424,15,underestimate,（を）過小評価する（⇔ overestimate （を）過大評価する）；（を）軽く見る；を少なく見積もる
1425,15,clarify,を明確にする
1426,15,spark,を引き起こす；を刺激する；スパークする
1427,15,seize,をつかむ；を奪い取る；を没収する
1428,15,soar,急上昇する；空高く飛ぶ
1429,15,glow,光り［照り］輝く；赤く燃える；紅潮する
1430,15,disguise,を（〜に）変装させる（as）；を偽る
1431,15,distort,を歪める；歪む
1432,15,undermine,を徐々にむしばむ；を侵食する
1433,15,abolish,を廃止する（≒ do away with）
1434,15,strip,を［から］取り去る；を裸にする
1435,15,dispose,〔dispose ofで〕を処分する；を（...する）気にさせる（to do）；を配置する
1436,15,dump,を投棄する；をどさっと落とす
1437,15,weave,を織る；（計画・物語など）を作り上げる
1438,15,refine,を洗練する；を精製する
1439,15,enrich,を豊かにする；（物質）を濃縮化する
1440,15,coordinate,を調整する；を組織する；（服など）をコーディネートする
1441,15,headline,（新聞などの）見出し
1442,15,internship,【米】 実務［医学］研修；研修期間
1443,15,outlet,直売店，特売店；はけ口；【米】（電気の）コンセント（≒ 【英】socket）
1444,15,remedy,治療（法）；治療薬；解決法
1445,15,pill,錠剤，丸薬；〔the 〜〕ピル，経口避妊薬
1446,15,reception,反応；宴会；受付；受信（状態）
1447,15,transaction,（商）取引；（人と人との）交流
1448,15,mutation,突然変異（体）；変化
1449,15,dairy,〔集合的に〕乳製品；乳製品加工所［販売者］
1450,15,compassion,同情
1451,15,posture,姿勢；心構え
1452,15,curse,悪態，ののしりの言葉；呪い；〔通例a 〜〕災い
1453,15,funeral,葬式
1454,15,census,国勢調査；交通調査
1455,15,encyclopedia,百科事典
1456,15,cereal,〔通例〜s〕穀物；シリアル（穀物加工食品）
1457,15,fragment,断片
1458,15,patch,（〜の）部分，斑点；継ぎ；貼り薬
1459,15,rubbish,【英】 ごみ（≒ 【米】garbage）；つまらないもの
1460,15,maze,迷路（≒ labyrinth）；複雑に込み入ったもの
1461,15,outlook,見解；見通し；眺め
1462,15,breakthrough,大発見，飛躍的進歩
1463,15,triumph,勝利；勝利の喜び；偉業
1464,15,ally,同盟国；提携者；援助者；盟友
1465,15,spectator,（試合などの）観客
1466,15,sphere,領域；球体；天体
1467,15,county,【米】 郡；【英】州
1468,15,behalf,利益，味方
1469,15,interval,（時間の）間隔；合間；隔たり；小休止
1470,15,circulation,循環；流通；（新聞・雑誌の）発行部数
1471,15,blade,刃；（プロペラなどの）羽根；（草などの）葉
1472,15,theft,窃盗（罪）
1473,15,vacuum,真空；空虚
1474,15,collision,衝突；対立
1475,15,bargain,買い得品；取引；契約
1476,15,landmark,（ある場所の）目印；画期的な出来事
1477,15,revenue,歳入（⇔ expenditure 歳出）；収益
1478,15,treaty,（国家間の）条約；協定
1479,15,supreme,最高の
1480,15,thorough,徹底的な；まったくの
1481,15,naked,裸の
1482,15,sincere,心からの；誠実な
1483,15,tame,飼いならされた，人に慣れた；退屈な
1484,15,insufficient,不十分な；不適当な
1485,15,dim,薄暗い；ぼんやりした
1486,15,acute,（痛み・感情などが）激しい；（知覚などが）鋭い；急性の（⇔ chronic ⇒ 1198）
1487,15,disabled,障害のある；障害者用の
1488,15,metropolitan,大都市の，首都圏の
1489,15,monetary,金銭的な；金融の
1490,15,alternate,代わりの（≒ alternative）；交互の
1491,15,partial,部分的な；不公平な（⇔impartial 公平な）
1492,15,divine,神の；神にささげる
1493,15,drastic,徹底的な，抜本的な；極端な
1494,15,fierce,猛烈な；どう猛な
1495,15,sole,唯一の；単独の；独占的な
1496,15,spontaneous,自然発生的な；自発的な
1497,15,spatial,空間の
1498,15,neat,きちんとした；見事な
1499,15,tidy,きちんとした，整頓された；相当の
1500,15,loyal,（〜に）忠実な（to）；誠実な
1501,16,bless,に恩恵を与える；に感謝する
1502,16,regain,を取り戻す
1503,16,conform,順応する；一致する
1504,16,enroll,登録する，入会する；を登録させる
1505,16,entitle,に権利を与える；に題名をつける
1506,16,halt,を止める；止まる
1507,16,provoke,（感情・行動など）を引き起こす；を挑発する
1508,16,invade,を侵略する；を侵害する；（場所）に殺到する
1509,16,squeeze,押し入る；を押し込む；（を）搾る；（を）強く押す
1510,16,crawl,はう；ゆっくり進む
1511,16,digest,を消化する；を理解する；を要約する
1512,16,utter,（声）を発する；（考えなど）を述べる
1513,16,refrain,控える
1514,16,populate,に住む，の住民である；に人を住まわせる
1515,16,accommodate,を収容する；を（〜に）適応させる（to）
1516,16,steer,（を）操縦する；を（〜へ）向ける（to）
1517,16,drown,溺死する；を水浸しにする
1518,16,dip,を浸す；（手など）を（〜に）突っ込む（into / in）；下がる
1519,16,soak,を浸す；をずぶぬれにする；浸る
1520,16,stir,をかき回す；を揺り動かす
1521,16,transplant,を移植する；を移住させる
1522,16,reassure,を安心させる
1523,16,resume,（を）再開する；を取り戻す
1524,16,speculate,（と）推測する；投機する
1525,16,surpass,を上回る
1526,16,appoint,を任命する；（日時・場所など）を指定する
1527,16,intrigue,に興味を持たせる；陰謀を企てる
1528,16,decay,腐敗する（≒ rot）；（徐々に）衰える
1529,16,contaminate,を汚染する；を堕落させる
1530,16,swell,膨張する，腫れる；を膨らませる
1531,16,delete,を削除する，消す
1532,16,tolerate,を許容する，我慢する（≒ put up with）
1533,16,envy,をうらやむ
1534,16,pray,（を）祈る
1535,16,confess,（を）告白する
1536,16,resign,（を）辞任する；を放棄する
1537,16,dissolve,（を）溶かす；（議会など）を解散する；（契約など）を解消する；溶ける
1538,16,unfold,（閉じたもの）を開く；を明らかにする；開く；明らかになる
1539,16,awaken,を目覚めさせる；（〜から）覚める（from）
1540,16,conceive,（を）思いつく；と想像する；（を）妊娠する
1541,16,entrepreneur,起業家，事業家
1542,16,stake,利害関係；〔通例〜s〕賭け金；杭
1543,16,surplus,余剰（⇔ shortage 不足），過剰；黒字
1544,16,inflation,インフレ（ーション）；（物価の）高騰
1545,16,sweatshop,搾取工場
1546,16,clash,衝突；対立；かち合うこと；ガチャンという音
1547,16,sociology,社会学
1548,16,ideology,イデオロギー，思想傾向
1549,16,margin,余白；差；利ざや
1550,16,realm,領域；領土
1551,16,domain,分野；領域；ドメイン（＝ domain name）
1552,16,algorithm,アルゴリズム；問題解決の手順
1553,16,prairie,大草原
1554,16,frontier,〔通例the 〜s〕最先端；〔the 〜〕 【米】辺境地；国境
1555,16,bullet,銃弾
1556,16,shield,盾，防御物
1557,16,despair,絶望
1558,16,radiation,放射能，放射線
1559,16,placebo,偽薬，プラシーボ；気休め
1560,16,nursery,託児所；苗床
1561,16,spouse,配偶者
1562,16,makeup,化粧；化粧品；構成；性質
1563,16,mummy,ミイラ；【英】ママ，お母さん（＝ 【米】mommy）
1564,16,flesh,（人・動物の）肉；果肉
1565,16,limb,手足
1566,16,odor,におい；気配
1567,16,laundry,洗濯（物）；クリーニング店
1568,16,tide,潮（の干満）；動向
1569,16,questionnaire,アンケート
1570,16,nonsense,ばかげた物［話，考え］；無意味な言葉
1571,16,revenge,復讐
1572,16,intellect,知性；〔the 〜（s）〕知識人
1573,16,hospitality,親切なもてなし，歓待；受容性
1574,16,librarian,司書，図書館員
1575,16,manuscript,（手書きの）原稿；写本
1576,16,obsession,（考えなどに）取りつかれること；妄想；強迫観念
1577,16,hygiene,衛生（状態）；健康法
1578,16,paradigm,理論的枠組み，パラダイム；模範
1579,16,legitimate,合法的な；妥当な
1580,16,authentic,本物の；信頼できる
1581,16,empirical,経験的な；経験主義の
1582,16,immense,膨大な
1583,16,absurd,ばかげた；不合理な
1584,16,weird,異様な（≒ bizarre），奇妙な
1585,16,accidental,偶然の；過失による
1586,16,uneasy,不安な；落ち着かない；ぎこちない
1587,16,jealous,嫉妬深い；用心深い
1588,16,feminine,女らしい（⇔ masculine ⇒ 1681）
1589,16,swift,素早い
1590,16,hollow,空洞の；空虚な；うわべだけの
1591,16,crude,大まかな；粗野な；未精製の
1592,16,sore,痛い；腹が立って
1593,16,pessimistic,悲観的な（⇔ optimistic ⇒ 882）
1594,16,vain,無駄な；うぬぼれた
1595,16,susceptible,（〜の）影響を受けやすい（to）；感染しやすい
1596,16,edible,食用の，食べられる
1597,16,sheer,純然たる，真の；すごい；（布が）薄地の
1598,16,explicit,明白な（⇔ implicit ⇒ 1795）；率直な
1599,16,prone,（〜に）なりやすい（to）；（...する）傾向がある（to do）
1600,16,affluent,裕福な；豊富な
1601,17,collaborate,共同して働く；（〜に）協力する（with）
1602,17,exert,を及ぼす；（力など）を行使する
1603,17,excel,（〜で）秀でている（in / at）；に勝る
1604,17,prosper,栄える，成功する；繁殖する
1605,17,surge,殺到する；（感情が）こみ上げる；急騰する
1606,17,intervene,（〜に）介入する（in）；介在する
1607,17,insert,を挿入する
1608,17,overtake,を追い抜く；に追いつく（≒ catch up with）；（災難・強い感情などが）を襲う
1609,17,snap,をパチンと鳴らす；をポキッと折る；ポキッと折れる；パチンと音を立てる
1610,17,carve,を彫る；を切り開く；（肉）を切り分ける
1611,17,addict,〔受身形で〕（〜の）中毒になる（to）；（〜に）凝る
1612,17,condemn,を非難する；〔受身形で〕（〜の刑を）宣告される（to）
1613,17,convict,に有罪を宣告する
1614,17,dictate,を指図する；を書き取らせる；を規定する
1615,17,prescribe,（薬など）を処方する；を規定する
1616,17,inhibit,を抑制する；を妨げる
1617,17,stray,はぐれる，（道に）迷う
1618,17,roam,（を）歩き回る；放浪する
1619,17,enclose,を同封する；を取り囲む
1620,17,execute,を実行する；を処刑する
1621,17,coincide,同時に起こる；一致する
1622,17,lag,遅れる；徐々に弱まる
1623,17,cling,しがみつく；くっつく
1624,17,erase,を消す
1625,17,grind,（穀物など）をひく
1626,17,knit,を編む；を結合する；編み物をする
1627,17,inquire,（を）尋ねる
1628,17,betray,をうっかり表す；を裏切る
1629,17,leak,漏れる；を漏らす
1630,17,smash,を粉砕する；を強打する；粉々に壊れる；激突する
1631,17,bounce,跳ねる；反射する；を弾ませる；（Ｅメールが）（宛先不明で）返送される
1632,17,sprawl,（都市などが）不規則に広がる；だらしなく手足を伸ばす
1633,17,converse,（〜と）会話をする（with）
1634,17,recite,を暗唱する；を詳述する
1635,17,disregard,を無視する；を軽視する
1636,17,frown,眉をひそめる
1637,17,evoke,を呼び起こす
1638,17,pledge,を誓う，約束する；を与えることを約束する
1639,17,aspire,（〜を）熱望する（to）
1640,17,contemplate,（を）熟考する；を予想する
1641,17,grace,優美，優雅；分別；（神の）恩寵
1642,17,enlightenment,啓蒙，啓発
1643,17,commerce,商業；貿易
1644,17,draft,下書き；為替手形；隙間風
1645,17,barrel,バレル（液量の単位）；たる
1646,17,timber,【英】 木材（≒ 【米】lumber）；樹木
1647,17,garment,衣服
1648,17,thread,糸；（議論などの）筋道
1649,17,cabinet,〔しばしばthe C-〕内閣；戸棚
1650,17,bureau,（官庁の）局；事務局；案内所
1651,17,autonomy,（個人の）自律；自治（権）；自治体
1652,17,toll,損害（の程度）；死傷者数；通行料
1653,17,discourse,話し合い，会話；講演；論説
1654,17,superstition,迷信
1655,17,glimpse,ちらりと見えること
1656,17,arithmetic,計算；算数
1657,17,glossary,用語小辞典；用語集
1658,17,archive,〔しばしば〜s〕記録文書，公文書；公文書保管所；（コンピューターの）アーカイブ
1659,17,legacy,遺産
1660,17,anthropology,人類学
1661,17,rage,激怒；猛威
1662,17,sorrow,悲しみ
1663,17,psychiatrist,精神科医
1664,17,ward,行政区；病棟
1665,17,stall,露店；エンスト；失速
1666,17,flame,炎；情熱
1667,17,moisture,水分；湿気
1668,17,irony,皮肉
1669,17,warrior,戦士
1670,17,astronomy,天文学
1671,17,probe,（無人）宇宙探査機；（〜の）精査（into）；探り針
1672,17,altitude,高度，標高
1673,17,tumor,腫瘍；腫れ物
1674,17,defect,欠陥；不足
1675,17,sanitation,公衆衛生（学）；下水［衛生］設備
1676,17,longevity,長寿；寿命；長年勤続
1677,17,scope,（活動・能力などの）範囲；余地
1678,17,sentiment,感情；感想；感傷
1679,17,plausible,もっともらしい
1680,17,vigorous,精力的な；激しい；活力のある
1681,17,masculine,男らしい（⇔ feminine ⇒ 1588）
1682,17,rigid,厳しい；硬直した
1683,17,adverse,不都合な；逆の
1684,17,coherent,一貫した，筋の通った；結束した
1685,17,literal,文字どおりの；逐語的な；散文的な
1686,17,arbitrary,恣意的な；独断的な
1687,17,anonymous,匿名の
1688,17,antique,骨董の，アンティークの；古風な
1689,17,eternal,永遠の；不変の
1690,17,intermediate,中級の；中間の
1691,17,subordinate,（〜より）下位の（to）；副次的な
1692,17,gloomy,陰気な；薄暗い；悲観的な
1693,17,thermal,熱の，熱による；保温用の
1694,17,faint,かすかな；めまいがする；弱々しい
1695,17,naive,お人よしの，愚直な；純朴な
1696,17,apt,（...する）傾向がある（to do）；適切な；利発な
1697,17,arrogant,横柄な，傲慢な
1698,17,extrovert,外向的な；社交的な
1699,17,conspicuous,目立つ
1700,17,intact,損なわれていない，手つかずの
1701,18,embody,を具現する；を包含する
1702,18,illuminate,を照らす；を解明する
1703,18,console,を慰める
1704,18,verify,の正しさを証明［確認］する
1705,18,disclose,を公表する，暴く
1706,18,stack,を積む，積み重ねる；〔〜 upで〕（車が）渋滞する
1707,18,rotate,回転する；循環する；を回転させる
1708,18,constrain,に（...することを）強いる（to do）；を抑える
1709,18,hinder,を妨げる
1710,18,withstand,に耐える
1711,18,tweet,（を）ツイートする，つぶやく
1712,18,sneeze,くしゃみをする
1713,18,erupt,（火山が）噴火する；勃発する
1714,18,blur,をぼかす；を曇らせる；をあいまいにする
1715,18,overlap,（一部）重なる；（と）重複［共通］する
1716,18,embed,〔通例受身形で〕埋め込まれる，はめ込まれる
1717,18,displace,に取って代わる（≒ replace）；を移動させる
1718,18,render,を（ある状態に）する；（援助など）を与える
1719,18,plunge,（〜に）（を）突っ込む（into）；没頭する；陥る
1720,18,surrender,を放棄する，引き渡す；（〜に）屈する（to）
1721,18,plug,〔plug inで〕のプラグを電源に差し込む；を（〜で）ふさぐ（with）
1722,18,suck,（を）吸う；（を）しゃぶる
1723,18,mock,をばかにする（≒ make fun of）；のまねをしてからかう
1724,18,tease,（を）からかう；をいじめる
1725,18,soothe,をなだめる；を和らげる
1726,18,stain,を汚す；に着色する
1727,18,shun,を避ける
1728,18,stumble,よろけながら歩く；（〜に）つまずく（on / over）
1729,18,flush,を紅潮させる；を水で流す；紅潮する
1730,18,impair,を損なう
1731,18,presume,と思う；と推定する；を前提とする
1732,18,contend,と主張する；競う
1733,18,roar,うなる，ほえる；大笑いする
1734,18,haunt,（記憶・考えなどが）につきまとう；（幽霊などが）に出る；によく行く
1735,18,divert,（注意など）をそらす；を迂回させる；（資金など）を転用する
1736,18,await,を待つ（≒ wait for）
1737,18,fetch,を（行って）持って［連れて］くる
1738,18,unify,を統合［統一］する；統一される
1739,18,inspect,を点検する；を視察する
1740,18,entail,を伴う，引き起こす；（...すること）を含む（doing）
1741,18,tactics,作戦，方策；戦術，戦法
1742,18,feat,偉業，功績；妙技
1743,18,prestige,名声；〔形容詞的に〕名声のある
1744,18,analogy,類推；類似
1745,18,conscience,良心；分別
1746,18,textile,織物；繊維（産業）
1747,18,deficit,赤字，不足；欠陥
1748,18,plague,疫病；（害虫などの）異常発生
1749,18,hazard,危険（要素）；偶然
1750,18,metabolism,（新陳）代謝，代謝作用
1751,18,paralysis,麻痺；〔比喩的に〕麻痺（状態）
1752,18,grid,（電気などの）供給網；格子（模様）；碁盤目
1753,18,carriage,馬車；車両（＝ 【米】car）；立ち居振舞い；【英】輸送
1754,18,friction,不和；摩擦
1755,18,rebel,反逆者
1756,18,regime,政権，政体；体制
1757,18,monopoly,独占（権）
1758,18,staple,必需食品；主要産物
1759,18,merchandise,商品
1760,18,vendor,物売り，行商人；自動販売機
1761,18,supervisor,監督者；指導教員
1762,18,predecessor,前任者（⇔ successor 後継者）；前のもの
1763,18,personnel,〔集合的に〕職員，社員
1764,18,vessel,船舶；容器；（体液が通る）脈管
1765,18,liver,肝臓
1766,18,duration,（時間の）継続，持続（時間）
1767,18,certificate,証明書；免許状
1768,18,geometry,幾何学
1769,18,symmetry,（左右）対称（⇔ asymmetry 非対称）；調和
1770,18,biography,伝記
1771,18,masterpiece,傑作
1772,18,rhyme,押韻詩；韻；〔通例〜s〕詩歌
1773,18,premium,保険料；プレミア；景品
1774,18,breakdown,崩壊；（神経）衰弱；故障；内訳
1775,18,courtesy,礼儀正しさ；好意；優遇
1776,18,protocol,（条約）議定書；外交儀礼；プロトコル
1777,18,specimen,標本；実例
1778,18,thesis,論文；命題，テーゼ
1779,18,eligible,適格の，資格のある；（結婚相手として）望ましい
1780,18,intrinsic,固有の，本質的な（⇔ extrinsic 非本質的な）
1781,18,diligent,勤勉な；入念な
1782,18,vocational,職業の，職業訓練の（ための）
1783,18,bankrupt,破産宣告を受けた；破綻している
1784,18,stern,厳しい；いかめしい
1785,18,stubborn,頑固な，強情な（≒ obstinate）；手に負えない
1786,18,maternal,母の，母親らしい（⇔ paternal 父の）；妊婦の
1787,18,fertile,肥沃な（⇔ barren 不毛の）；多産の
1788,18,ripe,熟した；成熟した
1789,18,stiff,硬直した，凝った；堅い
1790,18,obsolete,廃れた，使われなくなった；古くなった
1791,18,vacant,空いている
1792,18,acoustic,音響の；聴覚の；（楽器が）アコースティックの
1793,18,preliminary,予備の，準備の
1794,18,approximate,おおよその
1795,18,implicit,暗黙の（⇔ explicit ⇒ 1598）；内在する
1796,18,punctual,時間を守る
1797,18,compatible,矛盾しない；互換性のある；気が合う
1798,18,ample,十分すぎるほどの；広い
1799,18,pervasive,隅々に広がった；浸透する；充満する
1800,18,ubiquitous,至る所にある
1801,19,deduce,を推測する，演繹する
1802,19,simulate,を模擬実験する；を装う；をまねる
1803,19,merge,（を）合併する；を融合させる；溶け込む
1804,19,penetrate,（に）浸透する；（に）進出する；（を）貫く；（を）見抜く
1805,19,cater,（の）料理をまかなう；（要望などに）応える
1806,19,assault,に暴行する；を攻撃する
1807,19,torture,を拷問にかける；を苦しめる
1808,19,bleed,出血する
1809,19,erect,を建てる；を直立させる
1810,19,cherish,を大切にする；を心に抱く
1811,19,arouse,（感情など）を引き起こす；を目覚めさせる
1812,19,doom,〔通例受身形で〕運命にある
1813,19,mourn,（を）悼む（≒ grieve）；（を）嘆く
1814,19,dread,をひどく恐れる
1815,19,nourish,に栄養を与える；をはぐくむ
1816,19,inject,（人）に注射する，を注入する；を導入する
1817,19,swear,（〜を）ののしる（at）；（を）誓う（≒ vow）
1818,19,bid,（〜に）の値をつける（for ⇒ on）；（挨拶）を述べる
1819,19,corrupt,を堕落させる；を買収する；堕落する
1820,19,preoccupy,の心を奪う，を夢中にさせる
1821,19,browse,（を）拾い読みする；（を）閲覧する；（商品など）を見て歩く
1822,19,compile,を編集する；（資料など）をまとめる
1823,19,allocate,を割り当てる，分配する
1824,19,offset,を相殺する，埋め合わせる；をオフセット印刷にする
1825,19,restrain,を制止する；を規制する
1826,19,comply,従う，応じる
1827,19,expire,期限が切れる
1828,19,embark,（〜に）乗り出す（on）；乗船［搭乗］する
1829,19,flap,パタパタ動く；羽ばたく（≒ flutter）；をパタパタ動かす
1830,19,furnish,に（〜を）備えつける（with）
1831,19,forge,を偽造する；（関係など）を築く；を鍛造する
1832,19,thrust,を押しつける；を突き刺す；押し進む
1833,19,dispatch,を派遣する；を発送する；を処理する
1834,19,resent,に憤慨する
1835,19,reconcile,を（〜と）一致させる（with）；を和解させる
1836,19,allege,を主張する
1837,19,oppress,を抑圧［迫害］する；を悩ませる
1838,19,expel,を追放する；を吐き出す
1839,19,ascend,（を）上がる（⇔ descend ⇒ 1337）
1840,19,commence,始まる；を開始する；...し始める（to do / doing）⇒ commence work 仕事［作業］を始める
1841,19,advent,〔the 〜〕出現，到来
1842,19,reign,治世；統治
1843,19,diplomacy,外交（的手腕）
1844,19,embassy,大使館；大使一行
1845,19,exile,亡命（者）；（国外）追放
1846,19,refuge,避難（所）；保護
1847,19,plight,窮状（＝ predicament）；（悪い）状態
1848,19,solitude,ひとりでいること；孤独
1849,19,fallacy,誤った考え，誤信；錯誤
1850,19,latitude,緯度；（行動・思想などの）許容範囲
1851,19,eclipse,（日食・月食などの）食；（名声などの）失墜
1852,19,basin,流域；盆地，海盆；洗面器［台］
1853,19,erosion,浸食；衰退
1854,19,archaeology,考古学
1855,19,errand,（人の）使い，使い走り；用件
1856,19,mercy,慈悲；〔通例a 〜〕幸運
1857,19,rhetoric,修辞（法）；美辞麗句
1858,19,verse,韻文（⇔ prose 散文）；詩
1859,19,congestion,混雑
1860,19,sewage,下水
1861,19,complement,（〜の）補完物，補足（to）；（文法の）補語
1862,19,subsidy,補助金；報奨金
1863,19,mortgage,住宅ローン；抵当（権）
1864,19,attorney,【米】 弁護士；代理人
1865,19,outfit,衣装一式；装備［道具］一式；組織
1866,19,bulk,〔the 〜〕（〜の）大半（of）；大きさ；大量
1867,19,reunion,再会（の集い）；再結合
1868,19,synthesis,合成；総合（⇔ analysis ⇒ 363）
1869,19,mold,鋳型；鋳物；性格；かび
1870,19,thirst,（のどの）渇き；（〜に対する）渇望（for）
1871,19,greed,強欲
1872,19,bribe,賄賂
1873,19,contempt,軽蔑；恥辱
1874,19,texture,感触，手触り；本質；質感
1875,19,orphan,孤児
1876,19,harassment,嫌がらせ，ハラスメント
1877,19,hay,干し草
1878,19,doctrine,教義；【米】（政策上の）主義
1879,19,holistic,全体論の；（医療が）ホリスティックの
1880,19,liable,しがちな；（〜を）受けやすい（to）；責任がある
1881,19,earnest,まじめな，熱心な
1882,19,intelligible,（簡単に）理解できる
1883,19,abrupt,突然の（≒ sudden）
1884,19,reckless,無謀な；（〜を）顧みない（of）
1885,19,furious,激怒した；猛烈な
1886,19,eloquent,雄弁な；説得力のある
1887,19,juvenile,青少年の
1888,19,notorious,悪名高い（≒ infamous）
1889,19,timid,臆病な；内気な
1890,19,humid,湿気のある（≒ muggy 蒸し暑い）
1891,19,contagious,感染（性）の；病気を伝染する
1892,19,cynical,冷笑的な，皮肉な
1893,19,dumb,ばかげた；口のきけない；無言の
1894,19,monotonous,単調な
1895,19,perpetual,永続的な；ひっきりなしの
1896,19,dizzy,目まいがする；当惑した
1897,19,weary,疲れ果てた；（〜に）うんざりした（of）
1898,19,numb,麻痺した，無感覚な；ぼう然とした
1899,19,mortal,致命的な（≒ fatal）；死すべき（運命の）（⇔ immortal 不死の）
1900,19,zealous,熱心な；熱狂的な
